[
{
  "model": "sessions.session",
  "pk": "0xgxaneoy5ma24moypr6n4xbolwsbck5",
  "fields": {
    "session_data": "eyJjYXJ0X2lkIjoiMzA0OTAwODE4NCJ9:1sr5By:rFI404gn4EzvbQcnfdvahlNAS2HGnR9Jo0_b1x5hVq4",
    "expire_date": "2024-10-03T00:38:42.754Z"
  }
},
{
  "model": "sessions.session",
  "pk": "2voqaiviqlci3z8ayow4bww5pgm8jvg4",
  "fields": {
    "session_data": ".eJxVjMsOwiAQRf-FtSFMgdJx6d5vIMNjpGogKe3K-O_apAvd3nPOfQlP21r81vPi5yTOAsTpdwsUH7nuIN2p3pqMra7LHOSuyIN2eW0pPy-H-3dQqJdvjQxIjBGIYjKjBnSGk3JsAg2INpNlpxUZ7WgII1gCPUVmYIWTNlG8P_MGOAU:1slTco:1xZR-4zyB898qbavWH2b2XfvO3VeUd8hvUpWlbE9v4w",
    "expire_date": "2024-09-17T13:31:14.038Z"
  }
},
{
  "model": "sessions.session",
  "pk": "7amlpjyoq2gddnk3w8dyz8kw93t0b9t3",
  "fields": {
    "session_data": ".eJxVjjsOwjAQRO_iGlle2-t4Kek5Q7S21ySAEimfCnF3EpEC2nkzT_NSLa9L166zTG1f1FmBOv1mifNDhh2UOw-3UedxWKY-6b2iDzrr61jkeTm6f4KO525bhyQ1SLDZeUeBfG0IbYNMxmKEFHOqlINEYuOkgnUYESFBA4LFFd6kmafl-9EZT8ZEiF69PxA1PSM:1srejz:FWU2NVT5woL9U878FCdvKSBLanC_xpKT7G3CILYZpaI",
    "expire_date": "2024-10-04T14:36:11.476Z"
  }
},
{
  "model": "sessions.session",
  "pk": "dyh1izjdxridlzzr2i9v8i565edhapwp",
  "fields": {
    "session_data": ".eJxVjEEOwiAQRe_C2hDAAYpL9z0DAWZGqoYmpV0Z765NutDtf-_9l4hpW2vcOi1xQnERWpx-t5zKg9oO8J7abZZlbusyZbkr8qBdjjPS83q4fwc19fqtg2OHmMiabAdtMiYurM9BIRLxAFY5sphNAK9yAVVAc_AOABSrwl68Pwf-OGY:1sose6:84CwamORKGyLsVz0Qh7KqqTwcbtdP0hscKcy51DlN_c",
    "expire_date": "2024-09-26T22:50:38.292Z"
  }
},
{
  "model": "sessions.session",
  "pk": "fcnw2t2841rhgeq043nhtzbut074yil7",
  "fields": {
    "session_data": "eyJjYXJ0X2lkIjoiNDkzNDQ1NTYwNCJ9:1uJXa2:wxCHJBf9K1Pn4vMwod0V7Mn1KsiLatTyLomIyzGLKMI",
    "expire_date": "2025-06-09T13:09:26.695Z"
  }
},
{
  "model": "sessions.session",
  "pk": "fnwc180bmji7adtm1cb5tilf6focokqe",
  "fields": {
    "session_data": ".eJxVjDsOwjAQRO_iGlnx36akzxkse3eNA8iR4qRC3J1ESgHFNPPezJvFtK01bp2WOCG7MsMuv11O8KR2AHykdp85zG1dpswPhZ-083FGet1O9--gpl73tfaAqKROWgVnvHehOJDOSG-KUoL2WKcCCCQ7WItGYRCDd0DaF5uRfb62nTbb:1slVRw:gV_BNp6lFYKO4dxVFlrmgkQi82chMYbbXj8wLldk9Ys",
    "expire_date": "2024-09-17T15:28:08.444Z"
  }
},
{
  "model": "sessions.session",
  "pk": "j750wwnxb0k7lqy59mdy7uruczhx9v3m",
  "fields": {
    "session_data": ".eJxVjDsOwyAQBe9CHSEDXj4p0-cMaIEldmJhCUwV5e6JIzduZ-a9N4tYNz8ndi19WS7MY98m3xvVP2SCnVjA-KKyi_TE8lh5XMtW58D3hB-28fuaaLkd7elgwjb91jpQ1qRlVKNy2o3ZOJAG0A0SrAg2huyiJutwUJSFVGABRBBGECSVkH2-eSQ8lQ:1sr5Ch:7vGIlwfj0phkY6gY1BSJ88OpIBblCAXiKhZWG1fjkDk",
    "expire_date": "2024-10-03T00:39:27.184Z"
  }
},
{
  "model": "sessions.session",
  "pk": "jeftxvkdx577lsj0tpnckpiaotle383m",
  "fields": {
    "session_data": ".eJxVjDsOwjAQBe_iGllrs7ZjSnrOENn7IQGUSPlUiLtDRJq0b2be21CZlrZnczFNdOBTiPlsTqYt69K16yzTH7rjVgs9ZdgAP8pwHy2NwzL11W6K3elsbyPL67q7h4OuzN2vzlEjc5Hga2icr1yU1J0zMItogwGiBK4-Y4JKCIROc4qICAqkyXy-QSY-OQ:1sqXqK:1X9leGAEssEz0ksMxKfvw72kEog6lsWk7es7CHTB6D8",
    "expire_date": "2024-10-01T13:02:08.380Z"
  }
},
{
  "model": "sessions.session",
  "pk": "jp0qd4im2lpn1r4pyxx7lxufp02odnvn",
  "fields": {
    "session_data": ".eJxVjTsOgzAQRO_iOrLWNutPyvScAa29m0ASgWSginL3gEJDO-_NzEcVqks3sLqqJtoECSx4dVEdrUvfrbPUP0znLFN5ybgDftL4mHSZxqUOWe-KPuis24nlfTvc00BPc7-1XTQAkiKDhAyC27tDlxphcN4ZFiS0BTxyY7HY4DMSbxbauwnRsPr-AOstPGk:1srfl1:bTwIKJtkMPqBSSjRoQRTgAKd_NgXy_cHdFviJC6Wlu0",
    "expire_date": "2024-10-04T15:41:19.101Z"
  }
},
{
  "model": "sessions.session",
  "pk": "krghxnt502vwglzsaaa89xmusjf5dkx0",
  "fields": {
    "session_data": "e30:1sosbp:mXggYqUft2O2ywljTb1pyep1VH5GTRmAFIw3Dv21tX4",
    "expire_date": "2024-09-26T22:48:17.760Z"
  }
},
{
  "model": "sessions.session",
  "pk": "lxkmtmaue6iknsh1oaale8txnzddlaju",
  "fields": {
    "session_data": ".eJxdjMsOgjAQRf-la9N0-qCMS_d8A5lOO4IaSCisjP-uRDa6veec-1RMy9qPWZ2VCRYbC2BBnVRP2zr0Wy3LF_5tifheph3kG03XWfM8rcuY9K7og1bdzbk8Lof7czBQHT41CiAJMhBx9o0DjF6yieITWcRQKEh0hryLZFMDgcC1LAJisHWe1esNH-M9xg:1snM0c:QJqZL10Hz_WamXoTR0--cKgxON98mQHY1KSQBnl6GMQ",
    "expire_date": "2024-09-22T17:47:34.048Z"
  }
},
{
  "model": "sessions.session",
  "pk": "mvgpjn8rb19bohuo2rdu4fz6ifdxpky5",
  "fields": {
    "session_data": ".eJxVjUEOwiAQRe_C2pAZGSi4dN8zNANDbdXQpNCV8e6msZtu_3t5_6MSr22YRd0UBUNkrQNSFzXw1qZhq3n9Q4TzGDm9ctmJPLk8Fp2W0tY56l3RB626XyS_74d7Ckxcp_20E3ZIiT3Z0TCwlTw6jx0hOhiZHATsTPQSPDCEaw7iJKA3MUkiq74_M3o9dA:1uJbp0:AiV9hLh2iNsjRYWCK0zyX_bUjaUeNvpvgIbCr-ACUuo",
    "expire_date": "2025-06-09T17:41:10.702Z"
  }
},
{
  "model": "sessions.session",
  "pk": "mxo4f3ozpj8atg1mf01mbb0rjhg3mhv9",
  "fields": {
    "session_data": "e30:1slVOi:Aj9yRnC9VCrKviZjKL9O50-Xley8Yuftk88cQr5cncM",
    "expire_date": "2024-09-17T15:24:48.244Z"
  }
},
{
  "model": "sessions.session",
  "pk": "qjeqaamugnjiu86yz93lb25n280nrb4a",
  "fields": {
    "session_data": ".eJxVjDsOgzAQBe_iOrLWsDZ2yvScAdn7CSQRSHyqKHdPUGho38y8t6E8r93A5mpqwAQQXURzMV3e1r7bFpn_0J23kukp4w74kcf7ZGka13kodlfsQRfbTiyv2-GeDvq89L86BQ3MWXxVfHRV4aykrk7ALKIRPQTxXKqEDRRCIHSamoCIoEDamM8XOio-Lw:1sqcUx:iNOBr3iP4CpG3Uu0pQjAMqAX3gGY6tJJv4u4XGa3qck",
    "expire_date": "2024-10-01T18:00:23.026Z"
  }
},
{
  "model": "sessions.session",
  "pk": "ro4x1slsscex5x3xheq606spm7soz9ah",
  "fields": {
    "session_data": ".eJxdjEEOgjAQRe_StWk6dKCMS_ecgUynHUENJBRWxrsrkY1u_3vvP43wsvZjMmcTWgQkXzkwJ9Pztg79VvLyhX9bZLnnaQfpxtN1tjJP6zJGuyv2oMV2c8qPy-H-HAxchk9NCsRKAsySsPFAATW5oBi5Iqoz1xq8Y_SBq9hAzeBbUQV11HoU83oDJvI90A:1snMZa:2JES896p9vUK227hzDCveebj6KHi28WtJTkMjlzGrZI",
    "expire_date": "2024-09-22T18:23:42.747Z"
  }
},
{
  "model": "sessions.session",
  "pk": "y8cnr2klbcs112z5l2pbzmyrqdy76mvi",
  "fields": {
    "session_data": ".eJxVjDkOgzAQRe_iOrLG4AWnTM8Z0HiWQBKBxFJFuXuCQkP733v_bQjntRvYXE3tYo4pZQjmYjrc1r7bFpn_0J23gvSUcQf8wPE-WZrGdR6K3RV70MW2E8vrdringx6X_lfnqJEZJVQlNK4qjErq6gzMItr4AFEClyr7BIU8kHeaU_TegwJpMp8vRU8-Pw:1sqwC9:1ToTz5F_ICmnTsgzw6-Z608rakpX8oKDDn_8VsnbusA",
    "expire_date": "2024-10-02T15:02:17.389Z"
  }
},
{
  "model": "userauths.user",
  "fields": {
    "password": "pbkdf2_sha256$600000$FVOkafcf7RlGWwdhDB7NgV$eHsQPf1ekVoHWw0muvPAYu0jhpw/9H4IfAszTavpUJc=",
    "last_login": "2024-09-20T13:09:20.066Z",
    "is_superuser": true,
    "first_name": "",
    "last_name": "",
    "is_staff": true,
    "is_active": true,
    "date_joined": "2024-09-03T13:28:19Z",
    "username": "destiny",
    "email": "desphixs@gmail.com",
    "groups": [],
    "user_permissions": []
  }
},
{
  "model": "userauths.user",
  "fields": {
    "password": "pbkdf2_sha256$600000$BkOUZM5EmcwXYkv47bS6M0$i9VvnsJRuv0DpWc0NqgSjEqJ0wHkYM0Cxd1TGcl/4vA=",
    "last_login": "2024-09-03T15:24:48.255Z",
    "is_superuser": false,
    "first_name": "",
    "last_name": "",
    "is_staff": false,
    "is_active": true,
    "date_joined": "2024-09-03T15:24:46.687Z",
    "username": "filiruku",
    "email": "filiruku@mailinator.com",
    "groups": [],
    "user_permissions": []
  }
},
{
  "model": "userauths.user",
  "fields": {
    "password": "pbkdf2_sha256$600000$1RLpAPwXHCdzifLpsawWnW$CTeU8F3zGOw6KOO8FttaFI3OX+G2FpqQGAI2bUtVm3I=",
    "last_login": "2024-09-03T15:26:01.233Z",
    "is_superuser": false,
    "first_name": "",
    "last_name": "",
    "is_staff": false,
    "is_active": true,
    "date_joined": "2024-09-03T15:25:59.673Z",
    "username": "coleqin",
    "email": "coleqin@mailinator.com",
    "groups": [],
    "user_permissions": []
  }
},
{
  "model": "userauths.user",
  "fields": {
    "password": "pbkdf2_sha256$600000$cGS5pZe004fu2jFXXbthnC$J2RSASujNqltRF+ZHUhqn28h2mP18SwExKkp4irYR2I=",
    "last_login": "2024-09-03T15:27:05.613Z",
    "is_superuser": false,
    "first_name": "",
    "last_name": "",
    "is_staff": false,
    "is_active": true,
    "date_joined": "2024-09-03T15:27:03.604Z",
    "username": "qywu",
    "email": "qywu@mailinator.com",
    "groups": [],
    "user_permissions": []
  }
},
{
  "model": "userauths.user",
  "fields": {
    "password": "pbkdf2_sha256$600000$KpQp9rEQ9bg3ommmt0Bi5e$qqJ2n/hpWsoHGLEqMAAV2IxGyOSCZ3loKoUfbs8rQIM=",
    "last_login": "2024-09-03T15:28:08.401Z",
    "is_superuser": false,
    "first_name": "",
    "last_name": "",
    "is_staff": false,
    "is_active": true,
    "date_joined": "2024-09-03T15:28:06.720Z",
    "username": "hiqyzob",
    "email": "hiqyzob@mailinator.com",
    "groups": [],
    "user_permissions": []
  }
},
{
  "model": "userauths.user",
  "fields": {
    "password": "pbkdf2_sha256$600000$k5JRuLm1OMEXr7VUjiYRwV$PtudUF+X7Qz14H7gx61esUbott/exqW0QUou5trMvS0=",
    "last_login": "2024-09-08T18:19:19.582Z",
    "is_superuser": false,
    "first_name": "",
    "last_name": "",
    "is_staff": false,
    "is_active": true,
    "date_joined": "2024-09-08T18:19:17.937Z",
    "username": "quny",
    "email": "quny@mailinator.com",
    "groups": [],
    "user_permissions": []
  }
},
{
  "model": "userauths.user",
  "fields": {
    "password": "pbkdf2_sha256$600000$lDSeJGI288TM6BbyTxwcIr$5mKUHj4NvT0YObF3ueK8aX7Iz8kw/D87ZpXh/Q9dDt4=",
    "last_login": "2024-09-08T18:21:28.125Z",
    "is_superuser": false,
    "first_name": "",
    "last_name": "",
    "is_staff": false,
    "is_active": true,
    "date_joined": "2024-09-08T18:21:26.519Z",
    "username": "xacex",
    "email": "xacex@mailinator.com",
    "groups": [],
    "user_permissions": []
  }
},
{
  "model": "userauths.user",
  "fields": {
    "password": "pbkdf2_sha256$600000$Cb5u8rhppPjpZBsh3M8rJD$PGnAauY+0ZTjn81Esc0CxoPJ2L2WiH+QZAQQocqP6d8=",
    "last_login": "2024-09-16T09:19:51.165Z",
    "is_superuser": false,
    "first_name": "",
    "last_name": "",
    "is_staff": false,
    "is_active": true,
    "date_joined": "2024-09-16T09:19:49.481Z",
    "username": "qixahu",
    "email": "qixahu@mailinator.com",
    "groups": [],
    "user_permissions": []
  }
},
{
  "model": "userauths.user",
  "fields": {
    "password": "pbkdf2_sha256$600000$YTA650KL6zWtySiRXYDQy5$bH43YsEyTmcT9Wd7WsMNcU3cCBteUIsVuazI2Jtubzc=",
    "last_login": "2024-09-20T14:24:17.872Z",
    "is_superuser": false,
    "first_name": "",
    "last_name": "",
    "is_staff": false,
    "is_active": true,
    "date_joined": "2024-09-20T14:24:16.251Z",
    "username": "hegevuje",
    "email": "hegevuje@mailinator.com",
    "groups": [],
    "user_permissions": []
  }
},
{
  "model": "userauths.user",
  "fields": {
    "password": "pbkdf2_sha256$600000$brvbLdb9Ytbq0g1pjKOEIH$JcklrdQBSHhJcjNasFO77vZzUxZydV2EyCfHRGc2DSk=",
    "last_login": "2025-05-26T17:41:10.698Z",
    "is_superuser": false,
    "first_name": "",
    "last_name": "",
    "is_staff": false,
    "is_active": true,
    "date_joined": "2025-05-26T14:56:37.823Z",
    "username": "anduc9A1lhp",
    "email": "anduc9A1lhp@gmail.com",
    "groups": [],
    "user_permissions": []
  }
},
{
  "model": "userauths.profile",
  "pk": 1,
  "fields": {
    "user": [
      "coleqin@mailinator.com"
    ],
    "image": "default/default-user.jpg",
    "full_name": "Nehru Morgan",
    "mobile": "Provident consequat",
    "user_type": null
  }
},
{
  "model": "userauths.profile",
  "pk": 2,
  "fields": {
    "user": [
      "qywu@mailinator.com"
    ],
    "image": "default/default-user.jpg",
    "full_name": "Yardley Landry",
    "mobile": "Molestias molestiae",
    "user_type": null
  }
},
{
  "model": "userauths.profile",
  "pk": 3,
  "fields": {
    "user": [
      "hiqyzob@mailinator.com"
    ],
    "image": "default/default-user.jpg",
    "full_name": "Wesley Sherman",
    "mobile": "Nulla porro duis mod",
    "user_type": "Vendor"
  }
},
{
  "model": "userauths.profile",
  "pk": 4,
  "fields": {
    "user": [
      "desphixs@gmail.com"
    ],
    "image": "accounts/users/218884489_1489407691458770_8916744002593220091_n.jpg",
    "full_name": "Destiny Franks",
    "mobile": "+234 123 456 789",
    "user_type": "Vendor"
  }
},
{
  "model": "userauths.profile",
  "pk": 5,
  "fields": {
    "user": [
      "quny@mailinator.com"
    ],
    "image": "default/default-user.jpg",
    "full_name": "Ray Cline",
    "mobile": "Quia nihil quam qui",
    "user_type": "Vendor"
  }
},
{
  "model": "userauths.profile",
  "pk": 6,
  "fields": {
    "user": [
      "xacex@mailinator.com"
    ],
    "image": "default/default-user.jpg",
    "full_name": "Alden Leonard",
    "mobile": "Ut dolores illum la",
    "user_type": "Vendor"
  }
},
{
  "model": "userauths.profile",
  "pk": 7,
  "fields": {
    "user": [
      "qixahu@mailinator.com"
    ],
    "image": "default/default-user.jpg",
    "full_name": "Kiayada Olson",
    "mobile": "Modi ut optio venia",
    "user_type": "Vendor"
  }
},
{
  "model": "userauths.profile",
  "pk": 8,
  "fields": {
    "user": [
      "hegevuje@mailinator.com"
    ],
    "image": "accounts/users/post-sm_3.jpg",
    "full_name": "Geraldine Sharp",
    "mobile": "Ea elit quasi volup",
    "user_type": "Vendor"
  }
},
{
  "model": "userauths.profile",
  "pk": 9,
  "fields": {
    "user": [
      "anduc9A1lhp@gmail.com"
    ],
    "image": "default/default-user.jpg",
    "full_name": "Nguyễn An Đức",
    "mobile": "0934894238",
    "user_type": "Vendor"
  }
},
{
  "model": "userauths.contactmessage",
  "pk": 1,
  "fields": {
    "full_name": "Rinah Barrera",
    "email": "dojipiji@mailinator.com",
    "subject": "Quia aut dolore ipsa",
    "message": "In et necessitatibus",
    "date": "2024-09-18T23:51:01.891Z"
  }
},
{
  "model": "store.category",
  "pk": 1,
  "fields": {
    "title": "Electronics",
    "image": "images/1200_1200-27_ec9f26b9-dda0-459f-9eb0-aa70d325e5b9_360x_ayicKjE.png",
    "slug": "electronics"
  }
},
{
  "model": "store.category",
  "pk": 2,
  "fields": {
    "title": "Gadgets",
    "image": "images/studio-1_24jrFVU.jpg",
    "slug": "gadgets"
  }
},
{
  "model": "store.category",
  "pk": 3,
  "fields": {
    "title": "Mobile",
    "image": "images/1200_1200-12_af221d4c-5108-47ef-bb61-ae896e0e3f01_360x_KKpdvYp.png",
    "slug": "mobile"
  }
},
{
  "model": "store.category",
  "pk": 4,
  "fields": {
    "title": "Computers",
    "image": "images/MacBook-Air-13-inch-M3-Space-Gray-1-square_medium_8f4mxfu.jpg",
    "slug": "computers"
  }
},
{
  "model": "store.category",
  "pk": 5,
  "fields": {
    "title": "Camera",
    "image": "images/3_e91a9142-8cc8-4ed7-aa91-509a622f11f2_360x_7O8ux21.png",
    "slug": "camera"
  }
},
{
  "model": "store.category",
  "pk": 6,
  "fields": {
    "title": "Tablets",
    "image": "images/1200_1200-29_4bb9defb-c4d0-49f0-8960-e570ad2653c6_360x_tTOHiE8.png",
    "slug": "tablets"
  }
},
{
  "model": "store.product",
  "pk": 6,
  "fields": {
    "name": "Omega Deville Watch Pro",
    "image": "images/1200_1200-27_ec9f26b9-dda0-459f-9eb0-aa70d325e5b9_360x.png",
    "description": "Lorem ipsum dolor, sit amet consectetur adipisicing elit. Placeat eaque voluptatem minus veritatis natus consequatur, ut consequuntur aut. Illum, odio voluptatibus nihil ducimus sequi possimus deserunt eius molestiae ad nam, repellendus consequuntur porro quas iste illo sapiente, rerum delectus laborum dolorum dolor ut natus nostrum?\r\n\r\nLorem ipsum dolor, sit amet consectetur adipisicing elit. Placeat eaque voluptatem minus veritatis natus consequatur, ut consequuntur aut. Illum, odio voluptatibus nihil ducimus sequi possimus deserunt eius molestiae ad nam, repellendus consequuntur porro quas iste illo sapiente, rerum delectus laborum dolorum dolor ut natus nostrum?",
    "category": 2,
    "price": "33.00",
    "regular_price": "20.00",
    "stock": 13,
    "shipping": "3.00",
    "status": "Published",
    "featured": false,
    "vendor": [
      "desphixs@gmail.com"
    ],
    "sku": "SKU26799",
    "slug": "omega-deville-watch-pro-5d",
    "date": "2024-09-20T13:35:34.839Z"
  }
},
{
  "model": "store.product",
  "pk": 7,
  "fields": {
    "name": "Samsung Galaxy S10 Plus",
    "image": "images/1200_1200-16_360x.png",
    "description": "Lorem ipsum dolor, sit amet consectetur adipisicing elit. Placeat eaque voluptatem minus veritatis natus consequatur, ut consequuntur aut. Illum, odio voluptatibus nihil ducimus sequi possimus deserunt eius molestiae ad nam, repellendus consequuntur porro quas iste illo sapiente, rerum delectus laborum dolorum dolor ut natus nostrum?\r\n\r\nLorem ipsum dolor, sit amet consectetur adipisicing elit. Placeat eaque voluptatem minus veritatis natus consequatur, ut consequuntur aut. Illum, odio voluptatibus nihil ducimus sequi possimus deserunt eius molestiae ad nam, repellendus consequuntur porro quas iste illo sapiente, rerum delectus laborum dolorum dolor ut natus nostrum?",
    "category": 3,
    "price": "10.00",
    "regular_price": "12.00",
    "stock": 12,
    "shipping": "2.00",
    "status": "Published",
    "featured": false,
    "vendor": [
      "desphixs@gmail.com"
    ],
    "sku": "SKU99092",
    "slug": "samsung-galaxy-s10-plus-4m",
    "date": "2024-09-20T13:39:45.412Z"
  }
},
{
  "model": "store.product",
  "pk": 8,
  "fields": {
    "name": "Samsung Galaxy A33 ",
    "image": "images/1200_1200-4_0fde0abd-41b6-4288-ba2f-47d385cd2a3f_360x.png",
    "description": "Lorem ipsum dolor, sit amet consectetur adipisicing elit. Placeat eaque voluptatem minus veritatis natus consequatur, ut consequuntur aut. Illum, odio voluptatibus nihil ducimus sequi possimus deserunt eius molestiae ad nam, repellendus consequuntur porro quas iste illo sapiente, rerum delectus laborum dolorum dolor ut natus nostrum?\r\n\r\nLorem ipsum dolor, sit amet consectetur adipisicing elit. Placeat eaque voluptatem minus veritatis natus consequatur, ut consequuntur aut. Illum, odio voluptatibus nihil ducimus sequi possimus deserunt eius molestiae ad nam, repellendus consequuntur porro quas iste illo sapiente, rerum delectus laborum dolorum dolor ut natus nostrum?",
    "category": 3,
    "price": "1100.00",
    "regular_price": "1500.00",
    "stock": 6,
    "shipping": "4.00",
    "status": "Published",
    "featured": false,
    "vendor": [
      "desphixs@gmail.com"
    ],
    "sku": "SKU26246",
    "slug": "samsung-galaxy-a33-dw",
    "date": "2024-09-20T13:41:42.813Z"
  }
},
{
  "model": "store.product",
  "pk": 9,
  "fields": {
    "name": "Nikon D&200 Camera",
    "image": "images/5_89f43b83-408c-4c02-bd34-e475b08e43db_360x.png",
    "description": "Lorem ipsum dolor, sit amet consectetur adipisicing elit. Placeat eaque voluptatem minus veritatis natus consequatur, ut consequuntur aut. Illum, odio voluptatibus nihil ducimus sequi possimus deserunt eius molestiae ad nam, repellendus consequuntur porro quas iste illo sapiente, rerum delectus laborum dolorum dolor ut natus nostrum?\r\n\r\nLorem ipsum dolor, sit amet consectetur adipisicing elit. Placeat eaque voluptatem minus veritatis natus consequatur, ut consequuntur aut. Illum, odio voluptatibus nihil ducimus sequi possimus deserunt eius molestiae ad nam, repellendus consequuntur porro quas iste illo sapiente, rerum delectus laborum dolorum dolor ut natus nostrum?",
    "category": 5,
    "price": "2100.00",
    "regular_price": "2300.00",
    "stock": 12,
    "shipping": "5.00",
    "status": "Published",
    "featured": false,
    "vendor": [
      "desphixs@gmail.com"
    ],
    "sku": "SKU69858",
    "slug": "nikon-d200-camera-u7",
    "date": "2024-09-20T13:43:54.210Z"
  }
},
{
  "model": "store.product",
  "pk": 10,
  "fields": {
    "name": "Samsung Gear Camera",
    "image": "images/1200_1200-8_8cd14cfa-49d5-44bd-94a0-9449242f77aa_360x.png",
    "description": "Lorem ipsum dolor, sit amet consectetur adipisicing elit. Placeat eaque voluptatem minus veritatis natus consequatur, ut consequuntur aut. Illum, odio voluptatibus nihil ducimus sequi possimus deserunt eius molestiae ad nam, repellendus consequuntur porro quas iste illo sapiente, rerum delectus laborum dolorum dolor ut natus nostrum?\r\n\r\nLorem ipsum dolor, sit amet consectetur adipisicing elit. Placeat eaque voluptatem minus veritatis natus consequatur, ut consequuntur aut. Illum, odio voluptatibus nihil ducimus sequi possimus deserunt eius molestiae ad nam, repellendus consequuntur porro quas iste illo sapiente, rerum delectus laborum dolorum dolor ut natus nostrum?",
    "category": 5,
    "price": "610.00",
    "regular_price": "6200.00",
    "stock": 12,
    "shipping": "4.00",
    "status": "Published",
    "featured": false,
    "vendor": [
      "desphixs@gmail.com"
    ],
    "sku": "SKU66464",
    "slug": "samsung-gear-camera-gh",
    "date": "2024-09-20T13:45:47.535Z"
  }
},
{
  "model": "store.product",
  "pk": 11,
  "fields": {
    "name": "Iphone 13 Pro max ",
    "image": "images/1200_1200-1_ce07dbcd-242e-4c63-bf2f-8ec9269e692d_360x.png",
    "description": "Lorem ipsum dolor, sit amet consectetur adipisicing elit. Placeat eaque voluptatem minus veritatis natus consequatur, ut consequuntur aut. Illum, odio voluptatibus nihil ducimus sequi possimus deserunt eius molestiae ad nam, repellendus consequuntur porro quas iste illo sapiente, rerum delectus laborum dolorum dolor ut natus nostrum?\r\n\r\nLorem ipsum dolor, sit amet consectetur adipisicing elit. Placeat eaque voluptatem minus veritatis natus consequatur, ut consequuntur aut. Illum, odio voluptatibus nihil ducimus sequi possimus deserunt eius molestiae ad nam, repellendus consequuntur porro quas iste illo sapiente, rerum delectus laborum dolorum dolor ut natus nostrum?",
    "category": 3,
    "price": "920.00",
    "regular_price": "999.00",
    "stock": 12,
    "shipping": "4.00",
    "status": "Published",
    "featured": false,
    "vendor": [
      "desphixs@gmail.com"
    ],
    "sku": "SKU96956",
    "slug": "iphone-13-pro-max-eu",
    "date": "2024-09-20T13:46:55.081Z"
  }
},
{
  "model": "store.product",
  "pk": 12,
  "fields": {
    "name": "Iphone 15 Pro max ",
    "image": "images/1200_1200-12_af221d4c-5108-47ef-bb61-ae896e0e3f01_360x.png",
    "description": "Lorem ipsum dolor, sit amet consectetur adipisicing elit. Placeat eaque voluptatem minus veritatis natus consequatur, ut consequuntur aut. Illum, odio voluptatibus nihil ducimus sequi possimus deserunt eius molestiae ad nam, repellendus consequuntur porro quas iste illo sapiente, rerum delectus laborum dolorum dolor ut natus nostrum?\r\n\r\nLorem ipsum dolor, sit amet consectetur adipisicing elit. Placeat eaque voluptatem minus veritatis natus consequatur, ut consequuntur aut. Illum, odio voluptatibus nihil ducimus sequi possimus deserunt eius molestiae ad nam, repellendus consequuntur porro quas iste illo sapiente, rerum delectus laborum dolorum dolor ut natus nostrum?",
    "category": 3,
    "price": "800.00",
    "regular_price": "890.00",
    "stock": 13,
    "shipping": "4.00",
    "status": "Published",
    "featured": false,
    "vendor": [
      "desphixs@gmail.com"
    ],
    "sku": "SKU52071",
    "slug": "iphone-15-pro-max-ex",
    "date": "2024-09-20T13:49:26.074Z"
  }
},
{
  "model": "store.product",
  "pk": 13,
  "fields": {
    "name": "Samsung Vision Pro",
    "image": "images/1200_1200-29_75b6d9e8-8273-4fbe-821c-20f21b15be2c_360x.png",
    "description": "Lorem ipsum dolor, sit amet consectetur adipisicing elit. Placeat eaque voluptatem minus veritatis natus consequatur, ut consequuntur aut. Illum, odio voluptatibus nihil ducimus sequi possimus deserunt eius molestiae ad nam, repellendus consequuntur porro quas iste illo sapiente, rerum delectus laborum dolorum dolor ut natus nostrum?\r\n\r\nLorem ipsum dolor, sit amet consectetur adipisicing elit. Placeat eaque voluptatem minus veritatis natus consequatur, ut consequuntur aut. Illum, odio voluptatibus nihil ducimus sequi possimus deserunt eius molestiae ad nam, repellendus consequuntur porro quas iste illo sapiente, rerum delectus laborum dolorum dolor ut natus nostrum?",
    "category": 2,
    "price": "300.00",
    "regular_price": "310.00",
    "stock": 12,
    "shipping": "4.00",
    "status": "Published",
    "featured": false,
    "vendor": [
      "desphixs@gmail.com"
    ],
    "sku": "SKU66389",
    "slug": "samsung-vision-pro-nh",
    "date": "2024-09-20T13:54:06.551Z"
  }
},
{
  "model": "store.product",
  "pk": 14,
  "fields": {
    "name": "XBox Game Controller",
    "image": "images/1200_1200-15_dee7eb87-9ecb-4117-8cce-b2b8feac7a22_535x.png",
    "description": "Lorem ipsum dolor, sit amet consectetur adipisicing elit. Placeat eaque voluptatem minus veritatis natus consequatur, ut consequuntur aut. Illum, odio voluptatibus nihil ducimus sequi possimus deserunt eius molestiae ad nam, repellendus consequuntur porro quas iste illo sapiente, rerum delectus laborum dolorum dolor ut natus nostrum?\r\n\r\nLorem ipsum dolor, sit amet consectetur adipisicing elit. Placeat eaque voluptatem minus veritatis natus consequatur, ut consequuntur aut. Illum, odio voluptatibus nihil ducimus sequi possimus deserunt eius molestiae ad nam, repellendus consequuntur porro quas iste illo sapiente, rerum delectus laborum dolorum dolor ut natus nostrum?",
    "category": 2,
    "price": "100.00",
    "regular_price": "120.00",
    "stock": 32,
    "shipping": "4.00",
    "status": "Published",
    "featured": false,
    "vendor": [
      "desphixs@gmail.com"
    ],
    "sku": "SKU10512",
    "slug": "xbox-game-controller-sr",
    "date": "2024-09-20T13:59:17.519Z"
  }
},
{
  "model": "store.product",
  "pk": 15,
  "fields": {
    "name": "Ipad Pro | Apple",
    "image": "images/1200_1200-29_4bb9defb-c4d0-49f0-8960-e570ad2653c6_360x.png",
    "description": "Lorem ipsum dolor, sit amet consectetur adipisicing elit. Placeat eaque voluptatem minus veritatis natus consequatur, ut consequuntur aut. Illum, odio voluptatibus nihil ducimus sequi possimus deserunt eius molestiae ad nam, repellendus consequuntur porro quas iste illo sapiente, rerum delectus laborum dolorum dolor ut natus nostrum?\r\n\r\nLorem ipsum dolor, sit amet consectetur adipisicing elit. Placeat eaque voluptatem minus veritatis natus consequatur, ut consequuntur aut. Illum, odio voluptatibus nihil ducimus sequi possimus deserunt eius molestiae ad nam, repellendus consequuntur porro quas iste illo sapiente, rerum delectus laborum dolorum dolor ut natus nostrum?",
    "category": 6,
    "price": "1450.00",
    "regular_price": "1500.00",
    "stock": 5,
    "shipping": "5.00",
    "status": "Published",
    "featured": false,
    "vendor": [
      "desphixs@gmail.com"
    ],
    "sku": "SKU75636",
    "slug": "ipad-pro-apple-ct",
    "date": "2024-09-20T14:00:58.939Z"
  }
},
{
  "model": "store.product",
  "pk": 16,
  "fields": {
    "name": "Ipad Pro | Apple",
    "image": "images/1200_1200-4_360x.png",
    "description": "Lorem ipsum dolor, sit amet consectetur adipisicing elit. Placeat eaque voluptatem minus veritatis natus consequatur, ut consequuntur aut. Illum, odio voluptatibus nihil ducimus sequi possimus deserunt eius molestiae ad nam, repellendus consequuntur porro quas iste illo sapiente, rerum delectus laborum dolorum dolor ut natus nostrum?\r\n\r\nLorem ipsum dolor, sit amet consectetur adipisicing elit. Placeat eaque voluptatem minus veritatis natus consequatur, ut consequuntur aut. Illum, odio voluptatibus nihil ducimus sequi possimus deserunt eius molestiae ad nam, repellendus consequuntur porro quas iste illo sapiente, rerum delectus laborum dolorum dolor ut natus nostrum?",
    "category": 6,
    "price": "1750.00",
    "regular_price": "2000.00",
    "stock": 14,
    "shipping": "5.00",
    "status": "Published",
    "featured": false,
    "vendor": [
      "desphixs@gmail.com"
    ],
    "sku": "SKU10260",
    "slug": "ipad-pro-apple-jz",
    "date": "2024-09-20T14:02:16.490Z"
  }
},
{
  "model": "store.product",
  "pk": 17,
  "fields": {
    "name": "Logitech Mevo Speaker",
    "image": "images/1200_1200_e60fec98-14d7-4b8d-a0c5-d711effd643b_360x.png",
    "description": "Lorem ipsum dolor, sit amet consectetur adipisicing elit. Placeat eaque voluptatem minus veritatis natus consequatur, ut consequuntur aut. Illum, odio voluptatibus nihil ducimus sequi possimus deserunt eius molestiae ad nam, repellendus consequuntur porro quas iste illo sapiente, rerum delectus laborum dolorum dolor ut natus nostrum?\r\n\r\nLorem ipsum dolor, sit amet consectetur adipisicing elit. Placeat eaque voluptatem minus veritatis natus consequatur, ut consequuntur aut. Illum, odio voluptatibus nihil ducimus sequi possimus deserunt eius molestiae ad nam, repellendus consequuntur porro quas iste illo sapiente, rerum delectus laborum dolorum dolor ut natus nostrum?",
    "category": 5,
    "price": "170.00",
    "regular_price": "180.00",
    "stock": 3,
    "shipping": "4.00",
    "status": "Published",
    "featured": false,
    "vendor": [
      "desphixs@gmail.com"
    ],
    "sku": "SKU50508",
    "slug": "logitech-mevo-speaker-bp",
    "date": "2024-09-20T14:05:55.800Z"
  }
},
{
  "model": "store.product",
  "pk": 18,
  "fields": {
    "name": "Beats Studio Buds",
    "image": "images/studio-1.jpg",
    "description": "Lorem ipsum dolor, sit amet consectetur adipisicing elit. Placeat eaque voluptatem minus veritatis natus consequatur, ut consequuntur aut. Illum, odio voluptatibus nihil ducimus sequi possimus deserunt eius molestiae ad nam, repellendus consequuntur porro quas iste illo sapiente, rerum delectus laborum dolorum dolor ut natus nostrum?\r\n\r\nLorem ipsum dolor, sit amet consectetur adipisicing elit. Placeat eaque voluptatem minus veritatis natus consequatur, ut consequuntur aut. Illum, odio voluptatibus nihil ducimus sequi possimus deserunt eius molestiae ad nam, repellendus consequuntur porro quas iste illo sapiente, rerum delectus laborum dolorum dolor ut natus nostrum?",
    "category": 2,
    "price": "200.00",
    "regular_price": "210.00",
    "stock": 4,
    "shipping": "5.00",
    "status": "Published",
    "featured": false,
    "vendor": [
      "desphixs@gmail.com"
    ],
    "sku": "SKU63964",
    "slug": "beats-studio-buds-em",
    "date": "2024-09-20T14:11:32.728Z"
  }
},
{
  "model": "store.product",
  "pk": 19,
  "fields": {
    "name": "MacBook Pro 16-inch | Apple M3 Max",
    "image": "images/MacBook_Pro_16_in_M3_Pro_Max_Space_Black_PDP_Image_Position-1__WWEN_de97454c-5c5_oM7gnLl.webp",
    "description": "Lorem ipsum dolor, sit amet consectetur adipisicing elit. Placeat eaque voluptatem minus veritatis natus consequatur, ut consequuntur aut. Illum, odio voluptatibus nihil ducimus sequi possimus deserunt eius molestiae ad nam, repellendus consequuntur porro quas iste illo sapiente, rerum delectus laborum dolorum dolor ut natus nostrum?\r\n\r\nLorem ipsum dolor, sit amet consectetur adipisicing elit. Placeat eaque voluptatem minus veritatis natus consequatur, ut consequuntur aut. Illum, odio voluptatibus nihil ducimus sequi possimus deserunt eius molestiae ad nam, repellendus consequuntur porro quas iste illo sapiente, rerum delectus laborum dolorum dolor ut natus nostrum?",
    "category": 4,
    "price": "2990.00",
    "regular_price": "3000.00",
    "stock": 5,
    "shipping": "6.00",
    "status": "Published",
    "featured": false,
    "vendor": [
      "desphixs@gmail.com"
    ],
    "sku": "SKU46254",
    "slug": "macbook-pro-16-inch-apple-m3-max-dp",
    "date": "2024-09-20T14:15:31.243Z"
  }
},
{
  "model": "store.product",
  "pk": 20,
  "fields": {
    "name": "JBL EXTREME 3 SPEAKER",
    "image": "images/jbl-extreme-3-speaker.jpg",
    "description": "Lorem ipsum dolor, sit amet consectetur adipisicing elit. Placeat eaque voluptatem minus veritatis natus consequatur, ut consequuntur aut. Illum, odio voluptatibus nihil ducimus sequi possimus deserunt eius molestiae ad nam, repellendus consequuntur porro quas iste illo sapiente, rerum delectus laborum dolorum dolor ut natus nostrum?\r\n\r\nLorem ipsum dolor, sit amet consectetur adipisicing elit. Placeat eaque voluptatem minus veritatis natus consequatur, ut consequuntur aut. Illum, odio voluptatibus nihil ducimus sequi possimus deserunt eius molestiae ad nam, repellendus consequuntur porro quas iste illo sapiente, rerum delectus laborum dolorum dolor ut natus nostrum?",
    "category": 1,
    "price": "670.00",
    "regular_price": "700.00",
    "stock": 54,
    "shipping": "4.00",
    "status": "Published",
    "featured": false,
    "vendor": [
      "desphixs@gmail.com"
    ],
    "sku": "SKU24057",
    "slug": "jbl-extreme-3-speaker-wt",
    "date": "2024-09-20T14:20:12.610Z"
  }
},
{
  "model": "store.product",
  "pk": 21,
  "fields": {
    "name": "Beats Speaker",
    "image": "images/1200_1200-25_ee0c5425-81a2-41ae-86d0-cf326db90580_1100x.png",
    "description": "Lorem ipsum dolor, sit amet consectetur adipisicing elit. Placeat eaque voluptatem minus veritatis natus consequatur, ut consequuntur aut. Illum, odio voluptatibus nihil ducimus sequi possimus deserunt eius molestiae ad nam, repellendus consequuntur porro quas iste illo sapiente, rerum delectus laborum dolorum dolor ut natus nostrum?\r\n\r\nLorem ipsum dolor, sit amet consectetur adipisicing elit. Placeat eaque voluptatem minus veritatis natus consequatur, ut consequuntur aut. Illum, odio voluptatibus nihil ducimus sequi possimus deserunt eius molestiae ad nam, repellendus consequuntur porro quas iste illo sapiente, rerum delectus laborum dolorum dolor ut natus nostrum?",
    "category": 1,
    "price": "100.00",
    "regular_price": "120.00",
    "stock": 3,
    "shipping": "6.00",
    "status": "Published",
    "featured": false,
    "vendor": [
      "desphixs@gmail.com"
    ],
    "sku": "SKU52422",
    "slug": "beats-speaker-j8",
    "date": "2024-09-20T15:50:24.655Z"
  }
},
{
  "model": "store.variant",
  "pk": 133,
  "fields": {
    "product": 6,
    "name": "Color"
  }
},
{
  "model": "store.variant",
  "pk": 134,
  "fields": {
    "product": 6,
    "name": "Size"
  }
},
{
  "model": "store.variant",
  "pk": 135,
  "fields": {
    "product": 8,
    "name": "Color"
  }
},
{
  "model": "store.variant",
  "pk": 136,
  "fields": {
    "product": 7,
    "name": "Color"
  }
},
{
  "model": "store.variant",
  "pk": 137,
  "fields": {
    "product": 9,
    "name": "Color"
  }
},
{
  "model": "store.variant",
  "pk": 138,
  "fields": {
    "product": 10,
    "name": "Color"
  }
},
{
  "model": "store.variant",
  "pk": 139,
  "fields": {
    "product": 11,
    "name": "Color"
  }
},
{
  "model": "store.variant",
  "pk": 140,
  "fields": {
    "product": 12,
    "name": "Color"
  }
},
{
  "model": "store.variant",
  "pk": 141,
  "fields": {
    "product": 13,
    "name": "Color"
  }
},
{
  "model": "store.variant",
  "pk": 142,
  "fields": {
    "product": 14,
    "name": "Color"
  }
},
{
  "model": "store.variant",
  "pk": 143,
  "fields": {
    "product": 15,
    "name": "Color"
  }
},
{
  "model": "store.variant",
  "pk": 144,
  "fields": {
    "product": 16,
    "name": "Color"
  }
},
{
  "model": "store.variant",
  "pk": 145,
  "fields": {
    "product": 17,
    "name": "Color"
  }
},
{
  "model": "store.variant",
  "pk": 146,
  "fields": {
    "product": 18,
    "name": "Color"
  }
},
{
  "model": "store.variant",
  "pk": 147,
  "fields": {
    "product": 19,
    "name": "Color"
  }
},
{
  "model": "store.variant",
  "pk": 148,
  "fields": {
    "product": 20,
    "name": "Color"
  }
},
{
  "model": "store.variant",
  "pk": 149,
  "fields": {
    "product": 11,
    "name": "Size"
  }
},
{
  "model": "store.variant",
  "pk": 150,
  "fields": {
    "product": 16,
    "name": "Size"
  }
},
{
  "model": "store.variant",
  "pk": 151,
  "fields": {
    "product": 21,
    "name": "Color"
  }
},
{
  "model": "store.variant",
  "pk": 152,
  "fields": {
    "product": 21,
    "name": "Size"
  }
},
{
  "model": "store.variantitem",
  "pk": 441,
  "fields": {
    "variant": 133,
    "title": "Orange",
    "content": "#e65319"
  }
},
{
  "model": "store.variantitem",
  "pk": 442,
  "fields": {
    "variant": 134,
    "title": "XXL",
    "content": "xxl"
  }
},
{
  "model": "store.variantitem",
  "pk": 443,
  "fields": {
    "variant": 135,
    "title": "Purple",
    "content": "purple"
  }
},
{
  "model": "store.variantitem",
  "pk": 444,
  "fields": {
    "variant": 136,
    "title": "Purple",
    "content": "purple"
  }
},
{
  "model": "store.variantitem",
  "pk": 445,
  "fields": {
    "variant": 137,
    "title": "Black",
    "content": "black"
  }
},
{
  "model": "store.variantitem",
  "pk": 446,
  "fields": {
    "variant": 138,
    "title": "White",
    "content": "white"
  }
},
{
  "model": "store.variantitem",
  "pk": 447,
  "fields": {
    "variant": 139,
    "title": "White",
    "content": "white"
  }
},
{
  "model": "store.variantitem",
  "pk": 448,
  "fields": {
    "variant": 140,
    "title": "Yellow",
    "content": "yellow"
  }
},
{
  "model": "store.variantitem",
  "pk": 449,
  "fields": {
    "variant": 141,
    "title": "Gray",
    "content": "gray"
  }
},
{
  "model": "store.variantitem",
  "pk": 450,
  "fields": {
    "variant": 142,
    "title": "Black",
    "content": "black"
  }
},
{
  "model": "store.variantitem",
  "pk": 451,
  "fields": {
    "variant": 143,
    "title": "Pink",
    "content": "pink"
  }
},
{
  "model": "store.variantitem",
  "pk": 452,
  "fields": {
    "variant": 144,
    "title": "Blue",
    "content": "blue"
  }
},
{
  "model": "store.variantitem",
  "pk": 453,
  "fields": {
    "variant": 145,
    "title": "Black",
    "content": "black"
  }
},
{
  "model": "store.variantitem",
  "pk": 454,
  "fields": {
    "variant": 146,
    "title": "Black",
    "content": "black"
  }
},
{
  "model": "store.variantitem",
  "pk": 455,
  "fields": {
    "variant": 147,
    "title": "Gray",
    "content": "gray"
  }
},
{
  "model": "store.variantitem",
  "pk": 456,
  "fields": {
    "variant": 148,
    "title": "Black",
    "content": "black"
  }
},
{
  "model": "store.variantitem",
  "pk": 457,
  "fields": {
    "variant": 149,
    "title": "SM",
    "content": "sm"
  }
},
{
  "model": "store.variantitem",
  "pk": 458,
  "fields": {
    "variant": 150,
    "title": "L",
    "content": "l"
  }
},
{
  "model": "store.variantitem",
  "pk": 459,
  "fields": {
    "variant": 151,
    "title": "Black",
    "content": "black"
  }
},
{
  "model": "store.variantitem",
  "pk": 460,
  "fields": {
    "variant": 152,
    "title": "XSM",
    "content": "XSM"
  }
},
{
  "model": "store.gallery",
  "pk": 17,
  "fields": {
    "product": 6,
    "image": "images/1200_1200-28_381566db-0650-485f-b3ea-90fface245df_360x.png",
    "gallery_id": "635757"
  }
},
{
  "model": "store.gallery",
  "pk": 18,
  "fields": {
    "product": 6,
    "image": "images/1200_1200-27_66bd6534-0377-4500-88c0-38e8dcaa22e8_360x.png",
    "gallery_id": "125848"
  }
},
{
  "model": "store.gallery",
  "pk": 19,
  "fields": {
    "product": 7,
    "image": "images/1200_1200-17_4cad4cc1-bdef-4ef2-801f-e8e23ddd6f76_360x.png",
    "gallery_id": "203710"
  }
},
{
  "model": "store.gallery",
  "pk": 20,
  "fields": {
    "product": 7,
    "image": "images/1200_1200-14_360x.png",
    "gallery_id": "163309"
  }
},
{
  "model": "store.gallery",
  "pk": 21,
  "fields": {
    "product": 8,
    "image": "images/1200_1200-13_3b9050c9-d26f-44c4-b4ee-c044f1b85efb_535x.png",
    "gallery_id": "261075"
  }
},
{
  "model": "store.gallery",
  "pk": 22,
  "fields": {
    "product": 8,
    "image": "images/1200_1200-27_10d89937-942d-4416-8f15-0907d21cbab7_360x.png",
    "gallery_id": "209756"
  }
},
{
  "model": "store.gallery",
  "pk": 23,
  "fields": {
    "product": 9,
    "image": "images/3_e91a9142-8cc8-4ed7-aa91-509a622f11f2_360x.png",
    "gallery_id": "275369"
  }
},
{
  "model": "store.gallery",
  "pk": 24,
  "fields": {
    "product": 10,
    "image": "images/1200_1200-7_1484022e-e954-48ec-b36b-e82c0665e61d_360x.png",
    "gallery_id": "754340"
  }
},
{
  "model": "store.gallery",
  "pk": 25,
  "fields": {
    "product": 12,
    "image": "images/Apple-iPhone-15-Pro-lineup-hero-230912.jpg.news_app_ed.jpg",
    "gallery_id": "175016"
  }
},
{
  "model": "store.gallery",
  "pk": 26,
  "fields": {
    "product": 12,
    "image": "images/iphone-15-pro-max.png",
    "gallery_id": "131298"
  }
},
{
  "model": "store.gallery",
  "pk": 27,
  "fields": {
    "product": 12,
    "image": "images/iphone-15-pro-max-natural-1.jpg",
    "gallery_id": "133826"
  }
},
{
  "model": "store.gallery",
  "pk": 28,
  "fields": {
    "product": 13,
    "image": "images/Samsung-AR-headset-2.jpg",
    "gallery_id": "186926"
  }
},
{
  "model": "store.gallery",
  "pk": 29,
  "fields": {
    "product": 13,
    "image": "images/images.jpg",
    "gallery_id": "278322"
  }
},
{
  "model": "store.gallery",
  "pk": 30,
  "fields": {
    "product": 17,
    "image": "images/1200_1200-1_2ded7890-248c-4aad-b91c-6155de755883_360x.png",
    "gallery_id": "212702"
  }
},
{
  "model": "store.gallery",
  "pk": 31,
  "fields": {
    "product": 19,
    "image": "images/MacBook-Air-13-inch-M3-Space-Gray-1-square_medium.jpg",
    "gallery_id": "228303"
  }
},
{
  "model": "store.gallery",
  "pk": 32,
  "fields": {
    "product": 19,
    "image": "images/macbook_air_vs._macbook_pro-_cuales_son_sus_diferencias.webp",
    "gallery_id": "911817"
  }
},
{
  "model": "store.gallery",
  "pk": 33,
  "fields": {
    "product": 18,
    "image": "images/MJ4Y3.webp",
    "gallery_id": "209591"
  }
},
{
  "model": "store.gallery",
  "pk": 34,
  "fields": {
    "product": 20,
    "image": "images/JBL-Charge-5-Portable-Waterproof-Speaker-With-Powerbank-Packed-Skit-Store.jpg",
    "gallery_id": "542062"
  }
},
{
  "model": "store.gallery",
  "pk": 35,
  "fields": {
    "product": 20,
    "image": "images/JBL-Charge-4-Portable-Waterproof-Wireless-Bluetooth-Speaker-Black_5f44ba3a-9e30-4_VRX2KM0.jpg",
    "gallery_id": "181833"
  }
},
{
  "model": "store.gallery",
  "pk": 36,
  "fields": {
    "product": 21,
    "image": "images/1200_1200-23_22cd322b-63fe-400f-a213-359b62376d25_360x.png",
    "gallery_id": "882284"
  }
},
{
  "model": "store.cart",
  "pk": 31,
  "fields": {
    "product": 20,
    "user": [
      "desphixs@gmail.com"
    ],
    "qty": 1,
    "price": "670.00",
    "sub_total": "670.00",
    "shipping": "4.00",
    "tax": "0.00",
    "total": "674.00",
    "size": null,
    "color": null,
    "cart_id": "3049008184",
    "date": "2024-09-20T14:22:15.098Z"
  }
},
{
  "model": "store.cart",
  "pk": 32,
  "fields": {
    "product": 19,
    "user": [
      "desphixs@gmail.com"
    ],
    "qty": 1,
    "price": "2990.00",
    "sub_total": "2990.00",
    "shipping": "6.00",
    "tax": "0.00",
    "total": "2996.00",
    "size": null,
    "color": null,
    "cart_id": "3049008184",
    "date": "2024-09-20T14:22:17.497Z"
  }
},
{
  "model": "store.cart",
  "pk": 40,
  "fields": {
    "product": 8,
    "user": [
      "desphixs@gmail.com"
    ],
    "qty": 1,
    "price": "1100.00",
    "sub_total": "1100.00",
    "shipping": "4.00",
    "tax": "0.00",
    "total": "1104.00",
    "size": null,
    "color": null,
    "cart_id": "3049008184",
    "date": "2024-09-20T14:36:11.464Z"
  }
},
{
  "model": "store.cart",
  "pk": 44,
  "fields": {
    "product": 20,
    "user": [
      "anduc9A1lhp@gmail.com"
    ],
    "qty": 1,
    "price": "670.00",
    "sub_total": "670.00",
    "shipping": "4.00",
    "tax": "0.00",
    "total": "674.00",
    "size": null,
    "color": null,
    "cart_id": "4934455604",
    "date": "2025-05-26T13:09:14.072Z"
  }
},
{
  "model": "store.cart",
  "pk": 45,
  "fields": {
    "product": 21,
    "user": [
      "anduc9A1lhp@gmail.com"
    ],
    "qty": 1,
    "price": "100.00",
    "sub_total": "100.00",
    "shipping": "6.00",
    "tax": "0.00",
    "total": "106.00",
    "size": null,
    "color": null,
    "cart_id": "4934455604",
    "date": "2025-05-26T14:56:48.113Z"
  }
},
{
  "model": "store.coupon",
  "pk": 2,
  "fields": {
    "vendor": [
      "desphixs@gmail.com"
    ],
    "code": "CODE123",
    "discount": 30
  }
},
{
  "model": "store.coupon",
  "pk": 3,
  "fields": {
    "vendor": [
      "desphixs@gmail.com"
    ],
    "code": "DESPHIXS2024",
    "discount": 43
  }
},
{
  "model": "store.coupon",
  "pk": 4,
  "fields": {
    "vendor": [
      "desphixs@gmail.com"
    ],
    "code": "JUMBODISCOUNT2",
    "discount": 50
  }
},
{
  "model": "store.order",
  "pk": 25,
  "fields": {
    "customer": [
      "desphixs@gmail.com"
    ],
    "sub_total": "3660.00",
    "shipping": "10.00",
    "tax": "73.20",
    "service_fee": "187.16",
    "total": "3930.36",
    "payment_status": "Processing",
    "payment_method": "Flutterwave",
    "order_status": "Pending",
    "initial_total": "0.00",
    "saved": "0.00",
    "address": 2,
    "order_id": "270108",
    "payment_id": null,
    "date": "2024-09-20T14:22:54.680Z",
    "vendors": [
      [
        "desphixs@gmail.com"
      ]
    ],
    "coupons": []
  }
},
{
  "model": "store.order",
  "pk": 26,
  "fields": {
    "customer": [
      "hegevuje@mailinator.com"
    ],
    "sub_total": "300.00",
    "shipping": "9.00",
    "tax": "0.00",
    "service_fee": "15.45",
    "total": "324.45",
    "payment_status": "Processing",
    "payment_method": "PayPal",
    "order_status": "Pending",
    "initial_total": "0.00",
    "saved": "0.00",
    "address": 4,
    "order_id": "988571",
    "payment_id": null,
    "date": "2024-09-20T14:29:35.116Z",
    "vendors": [
      [
        "desphixs@gmail.com"
      ]
    ],
    "coupons": []
  }
},
{
  "model": "store.order",
  "pk": 27,
  "fields": {
    "customer": [
      "hegevuje@mailinator.com"
    ],
    "sub_total": "1443.00",
    "shipping": "11.00",
    "tax": "0.00",
    "service_fee": "72.70",
    "total": "1526.70",
    "payment_status": "Paid",
    "payment_method": "PayPal",
    "order_status": "Pending",
    "initial_total": "0.00",
    "saved": "0.00",
    "address": 4,
    "order_id": "540839",
    "payment_id": null,
    "date": "2024-09-20T14:30:29.640Z",
    "vendors": [
      [
        "desphixs@gmail.com"
      ]
    ],
    "coupons": []
  }
},
{
  "model": "store.order",
  "pk": 28,
  "fields": {
    "customer": [
      "hegevuje@mailinator.com"
    ],
    "sub_total": "33.00",
    "shipping": "3.00",
    "tax": "0.00",
    "service_fee": "1.80",
    "total": "37.80",
    "payment_status": "Paid",
    "payment_method": "PayPal",
    "order_status": "Pending",
    "initial_total": "0.00",
    "saved": "0.00",
    "address": 4,
    "order_id": "143962",
    "payment_id": null,
    "date": "2024-09-20T14:30:42.836Z",
    "vendors": [
      [
        "desphixs@gmail.com"
      ]
    ],
    "coupons": []
  }
},
{
  "model": "store.order",
  "pk": 29,
  "fields": {
    "customer": [
      "hegevuje@mailinator.com"
    ],
    "sub_total": "3440.00",
    "shipping": "13.00",
    "tax": "0.00",
    "service_fee": "172.65",
    "total": "3625.65",
    "payment_status": "Paid",
    "payment_method": "PayPal",
    "order_status": "Pending",
    "initial_total": "0.00",
    "saved": "0.00",
    "address": 4,
    "order_id": "741682",
    "payment_id": null,
    "date": "2024-09-20T14:31:00.581Z",
    "vendors": [
      [
        "desphixs@gmail.com"
      ]
    ],
    "coupons": []
  }
},
{
  "model": "store.order",
  "pk": 30,
  "fields": {
    "customer": [
      "hegevuje@mailinator.com"
    ],
    "sub_total": "3440.00",
    "shipping": "13.00",
    "tax": "0.00",
    "service_fee": "172.65",
    "total": "3625.65",
    "payment_status": "Paid",
    "payment_method": "RazorPay",
    "order_status": "Pending",
    "initial_total": "0.00",
    "saved": "0.00",
    "address": 4,
    "order_id": "469361",
    "payment_id": null,
    "date": "2024-09-20T15:34:03.696Z",
    "vendors": [
      [
        "desphixs@gmail.com"
      ]
    ],
    "coupons": []
  }
},
{
  "model": "store.order",
  "pk": 31,
  "fields": {
    "customer": [
      "hegevuje@mailinator.com"
    ],
    "sub_total": "100.00",
    "shipping": "4.00",
    "tax": "0.00",
    "service_fee": "5.20",
    "total": "109.20",
    "payment_status": "Processing",
    "payment_method": "Stripe",
    "order_status": "Pending",
    "initial_total": "0.00",
    "saved": "0.00",
    "address": 4,
    "order_id": "245077",
    "payment_id": null,
    "date": "2024-09-20T15:35:44.088Z",
    "vendors": [
      [
        "desphixs@gmail.com"
      ]
    ],
    "coupons": []
  }
},
{
  "model": "store.order",
  "pk": 32,
  "fields": {
    "customer": [
      "hegevuje@mailinator.com"
    ],
    "sub_total": "100.00",
    "shipping": "4.00",
    "tax": "0.00",
    "service_fee": "5.20",
    "total": "109.20",
    "payment_status": "Paid",
    "payment_method": "Paystack",
    "order_status": "Pending",
    "initial_total": "0.00",
    "saved": "0.00",
    "address": 4,
    "order_id": "198728",
    "payment_id": null,
    "date": "2024-09-20T15:39:45.434Z",
    "vendors": [
      [
        "desphixs@gmail.com"
      ]
    ],
    "coupons": []
  }
},
{
  "model": "store.order",
  "pk": 33,
  "fields": {
    "customer": [
      "hegevuje@mailinator.com"
    ],
    "sub_total": "66.00",
    "shipping": "6.00",
    "tax": "0.00",
    "service_fee": "3.60",
    "total": "75.60",
    "payment_status": "Processing",
    "payment_method": "RazorPay",
    "order_status": "Pending",
    "initial_total": "0.00",
    "saved": "0.00",
    "address": 4,
    "order_id": "967634",
    "payment_id": null,
    "date": "2024-09-20T15:40:58.986Z",
    "vendors": [
      [
        "desphixs@gmail.com"
      ]
    ],
    "coupons": []
  }
},
{
  "model": "store.order",
  "pk": 34,
  "fields": {
    "customer": [
      "hegevuje@mailinator.com"
    ],
    "sub_total": "33.00",
    "shipping": "3.00",
    "tax": "0.00",
    "service_fee": "1.80",
    "total": "27.80",
    "payment_status": "Paid",
    "payment_method": "Flutterwave",
    "order_status": "Pending",
    "initial_total": "37.80",
    "saved": "10.00",
    "address": 4,
    "order_id": "181425",
    "payment_id": null,
    "date": "2024-09-20T15:41:22Z",
    "vendors": [
      [
        "desphixs@gmail.com"
      ]
    ],
    "coupons": [
      2
    ]
  }
},
{
  "model": "store.order",
  "pk": 35,
  "fields": {
    "customer": [
      "anduc9A1lhp@gmail.com"
    ],
    "sub_total": "6130.00",
    "shipping": "42.00",
    "tax": "0.00",
    "service_fee": "308.60",
    "total": "6480.60",
    "payment_status": "Processing",
    "payment_method": null,
    "order_status": "Pending",
    "initial_total": "0.00",
    "saved": "0.00",
    "address": 5,
    "order_id": "795593",
    "payment_id": null,
    "date": "2025-05-26T14:57:17.404Z",
    "vendors": [
      [
        "desphixs@gmail.com"
      ]
    ],
    "coupons": []
  }
},
{
  "model": "store.order",
  "pk": 36,
  "fields": {
    "customer": [
      "anduc9A1lhp@gmail.com"
    ],
    "sub_total": "770.00",
    "shipping": "10.00",
    "tax": "0.00",
    "service_fee": "39.00",
    "total": "819.00",
    "payment_status": "Processing",
    "payment_method": null,
    "order_status": "Pending",
    "initial_total": "0.00",
    "saved": "0.00",
    "address": 5,
    "order_id": "489136",
    "payment_id": null,
    "date": "2025-05-26T15:38:20.276Z",
    "vendors": [
      [
        "desphixs@gmail.com"
      ]
    ],
    "coupons": []
  }
},
{
  "model": "store.order",
  "pk": 37,
  "fields": {
    "customer": [
      "anduc9A1lhp@gmail.com"
    ],
    "sub_total": "770.00",
    "shipping": "10.00",
    "tax": "0.00",
    "service_fee": "39.00",
    "total": "819.00",
    "payment_status": "Processing",
    "payment_method": null,
    "order_status": "Pending",
    "initial_total": "0.00",
    "saved": "0.00",
    "address": 5,
    "order_id": "280673",
    "payment_id": null,
    "date": "2025-05-26T17:16:06.569Z",
    "vendors": [
      [
        "desphixs@gmail.com"
      ]
    ],
    "coupons": []
  }
},
{
  "model": "store.order",
  "pk": 38,
  "fields": {
    "customer": [
      "anduc9A1lhp@gmail.com"
    ],
    "sub_total": "770.00",
    "shipping": "10.00",
    "tax": "0.00",
    "service_fee": "39.00",
    "total": "819.00",
    "payment_status": "Processing",
    "payment_method": null,
    "order_status": "Pending",
    "initial_total": "0.00",
    "saved": "0.00",
    "address": 5,
    "order_id": "115293",
    "payment_id": null,
    "date": "2025-05-26T17:33:05.690Z",
    "vendors": [
      [
        "desphixs@gmail.com"
      ]
    ],
    "coupons": []
  }
},
{
  "model": "store.orderitem",
  "pk": 39,
  "fields": {
    "order": 25,
    "order_status": "Pending",
    "shipping_service": null,
    "tracking_id": null,
    "product": 20,
    "qty": 1,
    "color": null,
    "size": null,
    "price": "670.00",
    "sub_total": "670.00",
    "shipping": "4.00",
    "tax": "13.40",
    "total": "674.00",
    "initial_total": "674.00",
    "saved": "0.00",
    "applied_coupon": false,
    "item_id": "196592",
    "vendor": [
      "desphixs@gmail.com"
    ],
    "date": "2024-09-20T14:22:54.695Z",
    "coupon": []
  }
},
{
  "model": "store.orderitem",
  "pk": 40,
  "fields": {
    "order": 25,
    "order_status": "Pending",
    "shipping_service": null,
    "tracking_id": null,
    "product": 19,
    "qty": 1,
    "color": null,
    "size": null,
    "price": "2990.00",
    "sub_total": "2990.00",
    "shipping": "6.00",
    "tax": "59.80",
    "total": "2996.00",
    "initial_total": "2996.00",
    "saved": "0.00",
    "applied_coupon": false,
    "item_id": "218121",
    "vendor": [
      "desphixs@gmail.com"
    ],
    "date": "2024-09-20T14:22:54.717Z",
    "coupon": []
  }
},
{
  "model": "store.orderitem",
  "pk": 41,
  "fields": {
    "order": 26,
    "order_status": "Pending",
    "shipping_service": null,
    "tracking_id": null,
    "product": 18,
    "qty": 1,
    "color": null,
    "size": null,
    "price": "200.00",
    "sub_total": "200.00",
    "shipping": "5.00",
    "tax": "0.00",
    "total": "205.00",
    "initial_total": "205.00",
    "saved": "0.00",
    "applied_coupon": false,
    "item_id": "129144",
    "vendor": [
      "desphixs@gmail.com"
    ],
    "date": "2024-09-20T14:29:35.142Z",
    "coupon": []
  }
},
{
  "model": "store.orderitem",
  "pk": 42,
  "fields": {
    "order": 26,
    "order_status": "Pending",
    "shipping_service": null,
    "tracking_id": null,
    "product": 14,
    "qty": 1,
    "color": null,
    "size": null,
    "price": "100.00",
    "sub_total": "100.00",
    "shipping": "4.00",
    "tax": "0.00",
    "total": "104.00",
    "initial_total": "104.00",
    "saved": "0.00",
    "applied_coupon": false,
    "item_id": "123317",
    "vendor": [
      "desphixs@gmail.com"
    ],
    "date": "2024-09-20T14:29:35.170Z",
    "coupon": []
  }
},
{
  "model": "store.orderitem",
  "pk": 43,
  "fields": {
    "order": 27,
    "order_status": "Pending",
    "shipping_service": null,
    "tracking_id": null,
    "product": 12,
    "qty": 1,
    "color": null,
    "size": null,
    "price": "800.00",
    "sub_total": "800.00",
    "shipping": "4.00",
    "tax": "0.00",
    "total": "804.00",
    "initial_total": "804.00",
    "saved": "0.00",
    "applied_coupon": false,
    "item_id": "146697",
    "vendor": [
      "desphixs@gmail.com"
    ],
    "date": "2024-09-20T14:30:29.656Z",
    "coupon": []
  }
},
{
  "model": "store.orderitem",
  "pk": 44,
  "fields": {
    "order": 27,
    "order_status": "Pending",
    "shipping_service": null,
    "tracking_id": null,
    "product": 10,
    "qty": 1,
    "color": null,
    "size": null,
    "price": "610.00",
    "sub_total": "610.00",
    "shipping": "4.00",
    "tax": "0.00",
    "total": "614.00",
    "initial_total": "614.00",
    "saved": "0.00",
    "applied_coupon": false,
    "item_id": "225906",
    "vendor": [
      "desphixs@gmail.com"
    ],
    "date": "2024-09-20T14:30:29.683Z",
    "coupon": []
  }
},
{
  "model": "store.orderitem",
  "pk": 45,
  "fields": {
    "order": 27,
    "order_status": "Pending",
    "shipping_service": null,
    "tracking_id": null,
    "product": 6,
    "qty": 1,
    "color": null,
    "size": null,
    "price": "33.00",
    "sub_total": "33.00",
    "shipping": "3.00",
    "tax": "0.00",
    "total": "36.00",
    "initial_total": "36.00",
    "saved": "0.00",
    "applied_coupon": false,
    "item_id": "188316",
    "vendor": [
      "desphixs@gmail.com"
    ],
    "date": "2024-09-20T14:30:29.705Z",
    "coupon": []
  }
},
{
  "model": "store.orderitem",
  "pk": 46,
  "fields": {
    "order": 28,
    "order_status": "Pending",
    "shipping_service": null,
    "tracking_id": null,
    "product": 6,
    "qty": 1,
    "color": null,
    "size": null,
    "price": "33.00",
    "sub_total": "33.00",
    "shipping": "3.00",
    "tax": "0.00",
    "total": "36.00",
    "initial_total": "36.00",
    "saved": "0.00",
    "applied_coupon": false,
    "item_id": "171083",
    "vendor": [
      "desphixs@gmail.com"
    ],
    "date": "2024-09-20T14:30:42.853Z",
    "coupon": []
  }
},
{
  "model": "store.orderitem",
  "pk": 47,
  "fields": {
    "order": 29,
    "order_status": "Pending",
    "shipping_service": null,
    "tracking_id": null,
    "product": 20,
    "qty": 2,
    "color": null,
    "size": null,
    "price": "670.00",
    "sub_total": "1340.00",
    "shipping": "8.00",
    "tax": "0.00",
    "total": "1348.00",
    "initial_total": "1348.00",
    "saved": "0.00",
    "applied_coupon": false,
    "item_id": "211742",
    "vendor": [
      "desphixs@gmail.com"
    ],
    "date": "2024-09-20T14:31:00.610Z",
    "coupon": []
  }
},
{
  "model": "store.orderitem",
  "pk": 48,
  "fields": {
    "order": 29,
    "order_status": "Pending",
    "shipping_service": null,
    "tracking_id": null,
    "product": 9,
    "qty": 1,
    "color": null,
    "size": null,
    "price": "2100.00",
    "sub_total": "2100.00",
    "shipping": "5.00",
    "tax": "0.00",
    "total": "2105.00",
    "initial_total": "2105.00",
    "saved": "0.00",
    "applied_coupon": false,
    "item_id": "113981",
    "vendor": [
      "desphixs@gmail.com"
    ],
    "date": "2024-09-20T14:31:00.636Z",
    "coupon": []
  }
},
{
  "model": "store.orderitem",
  "pk": 49,
  "fields": {
    "order": 30,
    "order_status": "Pending",
    "shipping_service": null,
    "tracking_id": null,
    "product": 20,
    "qty": 2,
    "color": null,
    "size": null,
    "price": "670.00",
    "sub_total": "1340.00",
    "shipping": "8.00",
    "tax": "0.00",
    "total": "1348.00",
    "initial_total": "1348.00",
    "saved": "0.00",
    "applied_coupon": false,
    "item_id": "207852",
    "vendor": [
      "desphixs@gmail.com"
    ],
    "date": "2024-09-20T15:34:03.709Z",
    "coupon": []
  }
},
{
  "model": "store.orderitem",
  "pk": 50,
  "fields": {
    "order": 30,
    "order_status": "Pending",
    "shipping_service": null,
    "tracking_id": null,
    "product": 9,
    "qty": 1,
    "color": null,
    "size": null,
    "price": "2100.00",
    "sub_total": "2100.00",
    "shipping": "5.00",
    "tax": "0.00",
    "total": "2105.00",
    "initial_total": "2105.00",
    "saved": "0.00",
    "applied_coupon": false,
    "item_id": "644113",
    "vendor": [
      "desphixs@gmail.com"
    ],
    "date": "2024-09-20T15:34:03.734Z",
    "coupon": []
  }
},
{
  "model": "store.orderitem",
  "pk": 51,
  "fields": {
    "order": 31,
    "order_status": "Pending",
    "shipping_service": null,
    "tracking_id": null,
    "product": 14,
    "qty": 1,
    "color": null,
    "size": null,
    "price": "100.00",
    "sub_total": "100.00",
    "shipping": "4.00",
    "tax": "0.00",
    "total": "104.00",
    "initial_total": "104.00",
    "saved": "0.00",
    "applied_coupon": false,
    "item_id": "184513",
    "vendor": [
      "desphixs@gmail.com"
    ],
    "date": "2024-09-20T15:35:44.102Z",
    "coupon": []
  }
},
{
  "model": "store.orderitem",
  "pk": 52,
  "fields": {
    "order": 32,
    "order_status": "Pending",
    "shipping_service": null,
    "tracking_id": null,
    "product": 14,
    "qty": 1,
    "color": null,
    "size": null,
    "price": "100.00",
    "sub_total": "100.00",
    "shipping": "4.00",
    "tax": "0.00",
    "total": "104.00",
    "initial_total": "104.00",
    "saved": "0.00",
    "applied_coupon": false,
    "item_id": "531066",
    "vendor": [
      "desphixs@gmail.com"
    ],
    "date": "2024-09-20T15:39:45.448Z",
    "coupon": []
  }
},
{
  "model": "store.orderitem",
  "pk": 53,
  "fields": {
    "order": 33,
    "order_status": "Pending",
    "shipping_service": null,
    "tracking_id": null,
    "product": 6,
    "qty": 2,
    "color": null,
    "size": null,
    "price": "33.00",
    "sub_total": "66.00",
    "shipping": "6.00",
    "tax": "0.00",
    "total": "72.00",
    "initial_total": "72.00",
    "saved": "0.00",
    "applied_coupon": false,
    "item_id": "885477",
    "vendor": [
      "desphixs@gmail.com"
    ],
    "date": "2024-09-20T15:40:59.003Z",
    "coupon": []
  }
},
{
  "model": "store.orderitem",
  "pk": 54,
  "fields": {
    "order": 34,
    "order_status": "Pending",
    "shipping_service": null,
    "tracking_id": null,
    "product": 6,
    "qty": 1,
    "color": null,
    "size": null,
    "price": "33.00",
    "sub_total": "33.00",
    "shipping": "3.00",
    "tax": "0.00",
    "total": "36.00",
    "initial_total": "36.00",
    "saved": "0.00",
    "applied_coupon": false,
    "item_id": "128399",
    "vendor": [
      "desphixs@gmail.com"
    ],
    "date": "2024-09-20T15:41:22.376Z",
    "coupon": []
  }
},
{
  "model": "store.orderitem",
  "pk": 55,
  "fields": {
    "order": 35,
    "order_status": "Pending",
    "shipping_service": null,
    "tracking_id": null,
    "product": 20,
    "qty": 9,
    "color": null,
    "size": null,
    "price": "670.00",
    "sub_total": "6030.00",
    "shipping": "36.00",
    "tax": "0.00",
    "total": "6066.00",
    "initial_total": "6066.00",
    "saved": "0.00",
    "applied_coupon": false,
    "item_id": "261385",
    "vendor": [
      "desphixs@gmail.com"
    ],
    "date": "2025-05-26T14:57:17.421Z",
    "coupon": []
  }
},
{
  "model": "store.orderitem",
  "pk": 56,
  "fields": {
    "order": 35,
    "order_status": "Pending",
    "shipping_service": null,
    "tracking_id": null,
    "product": 21,
    "qty": 1,
    "color": null,
    "size": null,
    "price": "100.00",
    "sub_total": "100.00",
    "shipping": "6.00",
    "tax": "0.00",
    "total": "106.00",
    "initial_total": "106.00",
    "saved": "0.00",
    "applied_coupon": false,
    "item_id": "342912",
    "vendor": [
      "desphixs@gmail.com"
    ],
    "date": "2025-05-26T14:57:17.441Z",
    "coupon": []
  }
},
{
  "model": "store.orderitem",
  "pk": 57,
  "fields": {
    "order": 36,
    "order_status": "Pending",
    "shipping_service": null,
    "tracking_id": null,
    "product": 20,
    "qty": 1,
    "color": null,
    "size": null,
    "price": "670.00",
    "sub_total": "670.00",
    "shipping": "4.00",
    "tax": "0.00",
    "total": "674.00",
    "initial_total": "674.00",
    "saved": "0.00",
    "applied_coupon": false,
    "item_id": "125051",
    "vendor": [
      "desphixs@gmail.com"
    ],
    "date": "2025-05-26T15:38:20.292Z",
    "coupon": []
  }
},
{
  "model": "store.orderitem",
  "pk": 58,
  "fields": {
    "order": 36,
    "order_status": "Pending",
    "shipping_service": null,
    "tracking_id": null,
    "product": 21,
    "qty": 1,
    "color": null,
    "size": null,
    "price": "100.00",
    "sub_total": "100.00",
    "shipping": "6.00",
    "tax": "0.00",
    "total": "106.00",
    "initial_total": "106.00",
    "saved": "0.00",
    "applied_coupon": false,
    "item_id": "608583",
    "vendor": [
      "desphixs@gmail.com"
    ],
    "date": "2025-05-26T15:38:20.312Z",
    "coupon": []
  }
},
{
  "model": "store.orderitem",
  "pk": 59,
  "fields": {
    "order": 37,
    "order_status": "Pending",
    "shipping_service": null,
    "tracking_id": null,
    "product": 20,
    "qty": 1,
    "color": null,
    "size": null,
    "price": "670.00",
    "sub_total": "670.00",
    "shipping": "4.00",
    "tax": "0.00",
    "total": "674.00",
    "initial_total": "674.00",
    "saved": "0.00",
    "applied_coupon": false,
    "item_id": "120416",
    "vendor": [
      "desphixs@gmail.com"
    ],
    "date": "2025-05-26T17:16:06.579Z",
    "coupon": []
  }
},
{
  "model": "store.orderitem",
  "pk": 60,
  "fields": {
    "order": 37,
    "order_status": "Pending",
    "shipping_service": null,
    "tracking_id": null,
    "product": 21,
    "qty": 1,
    "color": null,
    "size": null,
    "price": "100.00",
    "sub_total": "100.00",
    "shipping": "6.00",
    "tax": "0.00",
    "total": "106.00",
    "initial_total": "106.00",
    "saved": "0.00",
    "applied_coupon": false,
    "item_id": "276821",
    "vendor": [
      "desphixs@gmail.com"
    ],
    "date": "2025-05-26T17:16:06.590Z",
    "coupon": []
  }
},
{
  "model": "store.orderitem",
  "pk": 61,
  "fields": {
    "order": 38,
    "order_status": "Pending",
    "shipping_service": null,
    "tracking_id": null,
    "product": 20,
    "qty": 1,
    "color": null,
    "size": null,
    "price": "670.00",
    "sub_total": "670.00",
    "shipping": "4.00",
    "tax": "0.00",
    "total": "674.00",
    "initial_total": "674.00",
    "saved": "0.00",
    "applied_coupon": false,
    "item_id": "146668",
    "vendor": [
      "desphixs@gmail.com"
    ],
    "date": "2025-05-26T17:33:05.698Z",
    "coupon": []
  }
},
{
  "model": "store.orderitem",
  "pk": 62,
  "fields": {
    "order": 38,
    "order_status": "Pending",
    "shipping_service": null,
    "tracking_id": null,
    "product": 21,
    "qty": 1,
    "color": null,
    "size": null,
    "price": "100.00",
    "sub_total": "100.00",
    "shipping": "6.00",
    "tax": "0.00",
    "total": "106.00",
    "initial_total": "106.00",
    "saved": "0.00",
    "applied_coupon": false,
    "item_id": "145405",
    "vendor": [
      "desphixs@gmail.com"
    ],
    "date": "2025-05-26T17:33:05.704Z",
    "coupon": []
  }
},
{
  "model": "store.review",
  "pk": 7,
  "fields": {
    "user": [
      "desphixs@gmail.com"
    ],
    "product": 20,
    "review": "Nice product",
    "reply": "",
    "rating": 4,
    "active": true,
    "date": "2024-09-20T14:32:36.622Z"
  }
},
{
  "model": "store.review",
  "pk": 8,
  "fields": {
    "user": [
      "filiruku@mailinator.com"
    ],
    "product": 19,
    "review": "I liked this macbooks",
    "reply": "",
    "rating": 5,
    "active": true,
    "date": "2024-09-20T14:33:20.280Z"
  }
},
{
  "model": "store.review",
  "pk": 9,
  "fields": {
    "user": [
      "qixahu@mailinator.com"
    ],
    "product": 18,
    "review": "Necessitatibus dolor",
    "reply": "Dolor sed necessitat",
    "rating": 3,
    "active": true,
    "date": "2024-09-20T14:33:36.098Z"
  }
},
{
  "model": "store.review",
  "pk": 10,
  "fields": {
    "user": [
      "qixahu@mailinator.com"
    ],
    "product": 6,
    "review": "Nobis hic mollitia e",
    "reply": "Ad ipsam aut nesciun",
    "rating": 2,
    "active": true,
    "date": "2024-09-20T14:33:39.680Z"
  }
},
{
  "model": "store.review",
  "pk": 11,
  "fields": {
    "user": [
      "qywu@mailinator.com"
    ],
    "product": 8,
    "review": "Odio architecto aut",
    "reply": "Accusamus rem libero",
    "rating": 3,
    "active": true,
    "date": "2024-09-20T14:33:43.698Z"
  }
},
{
  "model": "store.review",
  "pk": 12,
  "fields": {
    "user": [
      "quny@mailinator.com"
    ],
    "product": 8,
    "review": "Quia aliquam aut est",
    "reply": "Dignissimos dolores",
    "rating": 4,
    "active": true,
    "date": "2024-09-20T14:33:52.690Z"
  }
},
{
  "model": "store.review",
  "pk": 13,
  "fields": {
    "user": [
      "qixahu@mailinator.com"
    ],
    "product": 17,
    "review": "I do not really like this item",
    "reply": "",
    "rating": 1,
    "active": true,
    "date": "2024-09-20T14:34:41.733Z"
  }
},
{
  "model": "vendor.vendor",
  "pk": 1,
  "fields": {
    "user": [
      "qywu@mailinator.com"
    ],
    "image": "shop-image.jpg",
    "store_name": "Yardley Landry",
    "description": null,
    "country": null,
    "vendor_id": "275364",
    "date": "2024-09-03T15:27:05.635Z",
    "slug": "yardley-landry"
  }
},
{
  "model": "vendor.vendor",
  "pk": 2,
  "fields": {
    "user": [
      "hiqyzob@mailinator.com"
    ],
    "image": "shop-image.jpg",
    "store_name": "Wesley Sherman",
    "description": null,
    "country": null,
    "vendor_id": "683650",
    "date": "2024-09-03T15:28:08.422Z",
    "slug": "wesley-sherman"
  }
},
{
  "model": "vendor.vendor",
  "pk": 3,
  "fields": {
    "user": [
      "quny@mailinator.com"
    ],
    "image": "shop-image.jpg",
    "store_name": "Ray Cline",
    "description": null,
    "country": null,
    "vendor_id": "112608",
    "date": "2024-09-08T18:19:19.602Z",
    "slug": "ray-cline"
  }
},
{
  "model": "vendor.vendor",
  "pk": 4,
  "fields": {
    "user": [
      "xacex@mailinator.com"
    ],
    "image": "shop-image.jpg",
    "store_name": "Alden Leonard",
    "description": null,
    "country": null,
    "vendor_id": "412080",
    "date": "2024-09-08T18:21:28.144Z",
    "slug": "alden-leonard"
  }
},
{
  "model": "vendor.vendor",
  "pk": 5,
  "fields": {
    "user": [
      "qixahu@mailinator.com"
    ],
    "image": "shop-image.jpg",
    "store_name": "Kiayada Olson",
    "description": null,
    "country": null,
    "vendor_id": "272118",
    "date": "2024-09-16T09:19:51.184Z",
    "slug": "kiayada-olson"
  }
},
{
  "model": "vendor.vendor",
  "pk": 6,
  "fields": {
    "user": [
      "hegevuje@mailinator.com"
    ],
    "image": "shop-image.jpg",
    "store_name": "Geraldine Sharp",
    "description": null,
    "country": null,
    "vendor_id": "236661",
    "date": "2024-09-20T14:24:17.891Z",
    "slug": "geraldine-sharp"
  }
},
{
  "model": "vendor.vendor",
  "pk": 7,
  "fields": {
    "user": [
      "anduc9A1lhp@gmail.com"
    ],
    "image": "shop-image.jpg",
    "store_name": "Nguyễn An Đức",
    "description": null,
    "country": null,
    "vendor_id": "202672",
    "date": "2025-05-26T14:56:40.303Z",
    "slug": "nguyen-an-uc"
  }
},
{
  "model": "vendor.notifications",
  "pk": 7,
  "fields": {
    "user": [
      "desphixs@gmail.com"
    ],
    "type": "New Order",
    "order": null,
    "seen": false,
    "date": "2024-09-18T15:20:19.421Z"
  }
},
{
  "model": "vendor.notifications",
  "pk": 8,
  "fields": {
    "user": [
      "desphixs@gmail.com"
    ],
    "type": "New Order",
    "order": null,
    "seen": false,
    "date": "2024-09-18T15:23:08.217Z"
  }
},
{
  "model": "vendor.notifications",
  "pk": 9,
  "fields": {
    "user": [
      "desphixs@gmail.com"
    ],
    "type": "New Order",
    "order": null,
    "seen": false,
    "date": "2024-09-20T15:35:18.308Z"
  }
},
{
  "model": "vendor.notifications",
  "pk": 10,
  "fields": {
    "user": [
      "desphixs@gmail.com"
    ],
    "type": "New Order",
    "order": null,
    "seen": false,
    "date": "2024-09-20T15:35:18.321Z"
  }
},
{
  "model": "customer.wishlist",
  "pk": 37,
  "fields": {
    "user": [
      "desphixs@gmail.com"
    ],
    "product": 17
  }
},
{
  "model": "customer.wishlist",
  "pk": 38,
  "fields": {
    "user": [
      "desphixs@gmail.com"
    ],
    "product": 16
  }
},
{
  "model": "customer.wishlist",
  "pk": 39,
  "fields": {
    "user": [
      "desphixs@gmail.com"
    ],
    "product": 15
  }
},
{
  "model": "customer.wishlist",
  "pk": 40,
  "fields": {
    "user": [
      "desphixs@gmail.com"
    ],
    "product": 12
  }
},
{
  "model": "customer.wishlist",
  "pk": 41,
  "fields": {
    "user": [
      "desphixs@gmail.com"
    ],
    "product": 13
  }
},
{
  "model": "customer.address",
  "pk": 2,
  "fields": {
    "user": [
      "desphixs@gmail.com"
    ],
    "full_name": "Destiny Franks",
    "mobile": "+234 123456789",
    "email": "desphixs@gmail.com",
    "country": "Nigeria",
    "state": "Abuja",
    "city": "Maitama",
    "address": "123 Main Street",
    "zip_code": "234234"
  }
},
{
  "model": "customer.address",
  "pk": 4,
  "fields": {
    "user": [
      "hegevuje@mailinator.com"
    ],
    "full_name": "Geraldine Sharp",
    "mobile": "+234 123456789",
    "email": "geraldine@gmail.com",
    "country": "United Kingdom",
    "state": "London",
    "city": "Miami",
    "address": "123 Main Street",
    "zip_code": "3984325"
  }
},
{
  "model": "customer.address",
  "pk": 5,
  "fields": {
    "user": [
      "anduc9A1lhp@gmail.com"
    ],
    "full_name": "Nguyễn An Đức",
    "mobile": "0934894238",
    "email": "anduc9A1lhp@gmail.com",
    "country": "Vietnam",
    "state": "",
    "city": "hcm",
    "address": "thu duc",
    "zip_code": ""
  }
},
{
  "model": "customer.notifications",
  "pk": 6,
  "fields": {
    "user": [
      "hegevuje@mailinator.com"
    ],
    "type": "New Order",
    "seen": false,
    "date": "2024-09-20T15:35:18.297Z"
  }
},
{
  "model": "blog.category",
  "pk": 1,
  "fields": {
    "name": "Tech",
    "slug": "tech"
  }
},
{
  "model": "blog.category",
  "pk": 2,
  "fields": {
    "name": "Finance",
    "slug": "finance"
  }
},
{
  "model": "blog.category",
  "pk": 3,
  "fields": {
    "name": "Business",
    "slug": "business"
  }
},
{
  "model": "blog.category",
  "pk": 4,
  "fields": {
    "name": "Ecommerce",
    "slug": "ecommerce"
  }
},
{
  "model": "blog.category",
  "pk": 5,
  "fields": {
    "name": "Health",
    "slug": "Health"
  }
},
{
  "model": "blog.blog",
  "pk": 1,
  "fields": {
    "image": "blog_images/416c2a49d39b7ff9e0d9dac2208517cc.webp",
    "title": "I've Built My First Successful Side Project, and I Hate It",
    "slug": "ive-built-my-first-successful-side-project-and-i-hate-it",
    "author": [
      "desphixs@gmail.com"
    ],
    "content": "<p>&nbsp;I feel like I should edit this article and clarify a few things since someone posted this article on Hacker News, and it appears it has received over 440 comments. This means it has left the typical reader base of this blog (four and a half people). This whole article was written because I was trying to write a companion program to one of my kernel utilities. It’s not meant to be used by more than a few people (no need for excessive accessibility options). I will also use a custom code virtualizer/obfuscator on it, hence the requirement for native code and full control over the compiler toolchain (that’s why Embarcadero’s C++Builder is not mentioned). I think I somehow accidentally managed to write a cool clickbait article because if you take a single one of those requirements below out, at least one of those libraries will fit you perfectly.</p><p>For the past few days, I have been trying to find a library that would allow me to write programs with a GUI in C++. My requirements were pretty straightforward:</p><p>Only Windows support required<br>Commercial use allowed<br>Easy styling, including dark mode<br>The result should be a single .exe file with no or minimal dependencies and a size of less than 40MB<br>Writing the GUI part of the program should not take more time than the actual functionality<br>WinUI 3<br>At first glance, it looks like an excellent choice. It allows you to use modern Windows components while also letting you customize the styling colors. For design, you can use XAML, which is super easy to grasp, or you can just use the Visual Studio designer directly.</p><p>screenshot</p><p>(WinUI 3 controls gallery)</p><p>Problem: Shipping the app in unpackaged form is not well supported. Most of the time when I have tried moving the app to a VM or a different computer, it fails to launch due to some obscure dependencies missing. To make it worse, you need to supply a bunch of .dll files that handle the WinUI functionality. There is no way to have a single portable .exe file. Using packaged form usually works without any issues, but they are installed as AppX packages which brings many issues on its own (especially if you need access to all Win32 APIs).</p><p>Win32 / MFC / small libraries wrapping Win32<br>I need high portability, so it would make sense to use the OS’s native rendering. Such a program could be a single .exe file (given that we statically link MFC) and would also be super small (just a few kilobytes). I could also use a more minimal library that someone has already written, which means it would be really easy to get from concept to working app fast.</p><p>screenshot</p><p>(Basic Win32 form)</p><p>Problem: It is extremely hard to stylize native Win32 controls. It would require me to write a custom paint function for every single control, which would take so much time I could raise a family in the meantime. There is a “hidden” dark mode for Win32 controls used by Windows File Explorer that you can activate, but it covers only some of the controls and still doesn’t look good.</p><p>Qt<br>This library is the holy grail of C++ GUI. While it’s quite complex, it offers easy styling with Qt Style Sheets, which use a language similar to CSS.</p><p>screenshot</p><p>(OBS studio is using Qt and custom stylesheets)</p><p>Problem: When linking dynamically, there are a myriad of different .dlls required to run the app, totaling over 40MB. You can statically link Qt into your program, which will drastically reduce the size (since the unused parts are removed), but then you must either make it open-source or distribute object files for recompilation due to Qt’s LGPL license. Alternatively, you can buy a commercial license for several thousand dollars.</p><p>wxWidgets<br>Quite an easy-to-learn library with the option to use wxFormBuilder. It has a more permissive license than Qt and can be statically linked into a 3MB executable.</p><p>screenshot</p><p>(wxWidgets with experimental Windows dark mode option enabled)</p><p>Problem: On Windows, this library uses native Win32 components and offers no styling options (since we cannot easily overwrite the paint functions, it’s even worse than using Win32/MFC directly). It supports applying Windows File Explorer dark controls, but again, they kinda suck.</p>",
    "category": 1,
    "tags": "desphixs, cloths",
    "status": "Published",
    "views": 0,
    "is_featured": false,
    "date": "2024-09-17T14:54:13.411Z",
    "likes": []
  }
},
{
  "model": "blog.blog",
  "pk": 2,
  "fields": {
    "image": "blog_images/7d15d656c07d6c7793edcbf990885b07.webp",
    "title": "Best Rust books for 2024 — Bitfield Consulting",
    "slug": "best-rust-books-for-2024-bitfield-consulting",
    "author": [
      "desphixs@gmail.com"
    ],
    "content": "<p>&nbsp;I feel like I should edit this article and clarify a few things since someone posted this article on Hacker News, and it appears it has received over 440 comments. This means it has left the typical reader base of this blog (four and a half people). This whole article was written because I was trying to write a companion program to one of my kernel utilities. It’s not meant to be used by more than a few people (no need for excessive accessibility options). I will also use a custom code virtualizer/obfuscator on it, hence the requirement for native code and full control over the compiler toolchain (that’s why Embarcadero’s C++Builder is not mentioned). I think I somehow accidentally managed to write a cool clickbait article because if you take a single one of those requirements below out, at least one of those libraries will fit you perfectly.</p><p>For the past few days, I have been trying to find a library that would allow me to write programs with a GUI in C++. My requirements were pretty straightforward:</p><p>Only Windows support required<br>Commercial use allowed<br>Easy styling, including dark mode<br>The result should be a single .exe file with no or minimal dependencies and a size of less than 40MB<br>Writing the GUI part of the program should not take more time than the actual functionality<br>WinUI 3<br>At first glance, it looks like an excellent choice. It allows you to use modern Windows components while also letting you customize the styling colors. For design, you can use XAML, which is super easy to grasp, or you can just use the Visual Studio designer directly.</p><p>screenshot</p><p>(WinUI 3 controls gallery)</p><p>Problem: Shipping the app in unpackaged form is not well supported. Most of the time when I have tried moving the app to a VM or a different computer, it fails to launch due to some obscure dependencies missing. To make it worse, you need to supply a bunch of .dll files that handle the WinUI functionality. There is no way to have a single portable .exe file. Using packaged form usually works without any issues, but they are installed as AppX packages which brings many issues on its own (especially if you need access to all Win32 APIs).</p><p>Win32 / MFC / small libraries wrapping Win32<br>I need high portability, so it would make sense to use the OS’s native rendering. Such a program could be a single .exe file (given that we statically link MFC) and would also be super small (just a few kilobytes). I could also use a more minimal library that someone has already written, which means it would be really easy to get from concept to working app fast.</p><p>screenshot</p><p>(Basic Win32 form)</p><p>Problem: It is extremely hard to stylize native Win32 controls. It would require me to write a custom paint function for every single control, which would take so much time I could raise a family in the meantime. There is a “hidden” dark mode for Win32 controls used by Windows File Explorer that you can activate, but it covers only some of the controls and still doesn’t look good.</p><p>Qt<br>This library is the holy grail of C++ GUI. While it’s quite complex, it offers easy styling with Qt Style Sheets, which use a language similar to CSS.</p><p>screenshot</p><p>(OBS studio is using Qt and custom stylesheets)</p><p>Problem: When linking dynamically, there are a myriad of different .dlls required to run the app, totaling over 40MB. You can statically link Qt into your program, which will drastically reduce the size (since the unused parts are removed), but then you must either make it open-source or distribute object files for recompilation due to Qt’s LGPL license. Alternatively, you can buy a commercial license for several thousand dollars.</p><p>wxWidgets<br>Quite an easy-to-learn library with the option to use wxFormBuilder. It has a more permissive license than Qt and can be statically linked into a 3MB executable.</p><p>screenshot</p><p>(wxWidgets with experimental Windows dark mode option enabled)</p><p>Problem: On Windows, this library uses native Win32 components and offers no styling options (since we cannot easily overwrite the paint functions, it’s even worse than using Win32/MFC directly). It supports applying Windows File Explorer dark controls, but again, they kinda suck.</p>",
    "category": 1,
    "tags": "desphixs, cloths",
    "status": "Published",
    "views": 0,
    "is_featured": false,
    "date": "2024-09-17T14:11:41.293Z",
    "likes": []
  }
},
{
  "model": "blog.blog",
  "pk": 3,
  "fields": {
    "image": "blog_images/16_533x.png",
    "title": "Understanding Django ORM",
    "slug": "understanding-django-orm",
    "author": [
      "desphixs@gmail.com"
    ],
    "content": "<p>Lorem ipsum dolor, sit amet consectetur adipisicing elit. Placeat eaque voluptatem minus veritatis natus consequatur, ut consequuntur aut. Illum, odio voluptatibus nihil ducimus sequi possimus deserunt eius molestiae ad nam, repellendus consequuntur porro quas iste illo sapiente, rerum delectus laborum dolorum dolor ut natus nostrum?</p><p>Lorem ipsum dolor, sit amet consectetur adipisicing elit. Placeat eaque voluptatem minus veritatis natus consequatur, ut consequuntur aut. Illum, odio voluptatibus nihil ducimus sequi possimus deserunt eius molestiae ad nam, repellendus consequuntur porro quas iste illo sapiente, rerum delectus laborum dolorum dolor ut natus nostrum?</p><p>Lorem ipsum dolor, sit amet consectetur adipisicing elit. Placeat eaque voluptatem minus veritatis natus consequatur, ut consequuntur aut. Illum, odio voluptatibus nihil ducimus sequi possimus deserunt eius molestiae ad nam, repellendus consequuntur porro quas iste illo sapiente, rerum delectus laborum dolorum dolor ut natus nostrum?</p><p>Lorem ipsum dolor, sit amet consectetur adipisicing elit. Placeat eaque voluptatem minus veritatis natus consequatur, ut consequuntur aut. Illum, odio voluptatibus nihil ducimus sequi possimus deserunt eius molestiae ad nam, repellendus consequuntur porro quas iste illo sapiente, rerum delectus laborum dolorum dolor ut natus nostrum?</p><p>Lorem ipsum dolor, sit amet consectetur adipisicing elit. Placeat eaque voluptatem minus veritatis natus consequatur, ut consequuntur aut. Illum, odio voluptatibus nihil ducimus sequi possimus deserunt eius molestiae ad nam, repellendus consequuntur porro quas iste illo sapiente, rerum delectus laborum dolorum dolor ut natus nostrum?</p>",
    "category": 1,
    "tags": null,
    "status": "Published",
    "views": 0,
    "is_featured": false,
    "date": "2024-09-20T16:30:40.361Z",
    "likes": []
  }
},
{
  "model": "blog.blog",
  "pk": 4,
  "fields": {
    "image": "blog_images/et_3_533x.png",
    "title": "CKEditor5: A Versatile Text Editor for Django",
    "slug": "ckeditor5-a-versatile-text-editor-for-django",
    "author": [
      "desphixs@gmail.com"
    ],
    "content": "<p>Lorem ipsum dolor, sit amet consectetur adipisicing elit. Placeat eaque voluptatem minus veritatis natus consequatur, ut consequuntur aut. Illum, odio voluptatibus nihil ducimus sequi possimus deserunt eius molestiae ad nam, repellendus consequuntur porro quas iste illo sapiente, rerum delectus laborum dolorum dolor ut natus nostrum?</p><p>Lorem ipsum dolor, sit amet consectetur adipisicing elit. Placeat eaque voluptatem minus veritatis natus consequatur, ut consequuntur aut. Illum, odio voluptatibus nihil ducimus sequi possimus deserunt eius molestiae ad nam, repellendus consequuntur porro quas iste illo sapiente, rerum delectus laborum dolorum dolor ut natus nostrum?</p><p>Lorem ipsum dolor, sit amet consectetur adipisicing elit. Placeat eaque voluptatem minus veritatis natus consequatur, ut consequuntur aut. Illum, odio voluptatibus nihil ducimus sequi possimus deserunt eius molestiae ad nam, repellendus consequuntur porro quas iste illo sapiente, rerum delectus laborum dolorum dolor ut natus nostrum?</p><p>Lorem ipsum dolor, sit amet consectetur adipisicing elit. Placeat eaque voluptatem minus veritatis natus consequatur, ut consequuntur aut. Illum, odio voluptatibus nihil ducimus sequi possimus deserunt eius molestiae ad nam, repellendus consequuntur porro quas iste illo sapiente, rerum delectus laborum dolorum dolor ut natus nostrum?</p><p>Lorem ipsum dolor, sit amet consectetur adipisicing elit. Placeat eaque voluptatem minus veritatis natus consequatur, ut consequuntur aut. Illum, odio voluptatibus nihil ducimus sequi possimus deserunt eius molestiae ad nam, repellendus consequuntur porro quas iste illo sapiente, rerum delectus laborum dolorum dolor ut natus nostrum?</p>",
    "category": 2,
    "tags": null,
    "status": "Published",
    "views": 0,
    "is_featured": false,
    "date": "2024-09-20T16:31:08.406Z",
    "likes": []
  }
},
{
  "model": "blog.blog",
  "pk": 5,
  "fields": {
    "image": "blog_images/et_5_533x.png",
    "title": "Top 10 Python Libraries for Web Development",
    "slug": "top-10-python-libraries-for-web-development",
    "author": [
      "desphixs@gmail.com"
    ],
    "content": "<p>Lorem ipsum dolor, sit amet consectetur adipisicing elit. Placeat eaque voluptatem minus veritatis natus consequatur, ut consequuntur aut. Illum, odio voluptatibus nihil ducimus sequi possimus deserunt eius molestiae ad nam, repellendus consequuntur porro quas iste illo sapiente, rerum delectus laborum dolorum dolor ut natus nostrum?</p><p>Lorem ipsum dolor, sit amet consectetur adipisicing elit. Placeat eaque voluptatem minus veritatis natus consequatur, ut consequuntur aut. Illum, odio voluptatibus nihil ducimus sequi possimus deserunt eius molestiae ad nam, repellendus consequuntur porro quas iste illo sapiente, rerum delectus laborum dolorum dolor ut natus nostrum?</p><p>Lorem ipsum dolor, sit amet consectetur adipisicing elit. Placeat eaque voluptatem minus veritatis natus consequatur, ut consequuntur aut. Illum, odio voluptatibus nihil ducimus sequi possimus deserunt eius molestiae ad nam, repellendus consequuntur porro quas iste illo sapiente, rerum delectus laborum dolorum dolor ut natus nostrum?</p><p>Lorem ipsum dolor, sit amet consectetur adipisicing elit. Placeat eaque voluptatem minus veritatis natus consequatur, ut consequuntur aut. Illum, odio voluptatibus nihil ducimus sequi possimus deserunt eius molestiae ad nam, repellendus consequuntur porro quas iste illo sapiente, rerum delectus laborum dolorum dolor ut natus nostrum?</p><p>Lorem ipsum dolor, sit amet consectetur adipisicing elit. Placeat eaque voluptatem minus veritatis natus consequatur, ut consequuntur aut. Illum, odio voluptatibus nihil ducimus sequi possimus deserunt eius molestiae ad nam, repellendus consequuntur porro quas iste illo sapiente, rerum delectus laborum dolorum dolor ut natus nostrum?</p>",
    "category": 2,
    "tags": null,
    "status": "Published",
    "views": 0,
    "is_featured": false,
    "date": "2024-09-20T16:31:44.533Z",
    "likes": []
  }
},
{
  "model": "blog.blog",
  "pk": 6,
  "fields": {
    "image": "blog_images/et_7_533x.png",
    "title": "Building REST APIs with Django Rest Framework",
    "slug": "building-rest-apis-with-django-rest-framework",
    "author": [
      "desphixs@gmail.com"
    ],
    "content": "<p>Lorem ipsum dolor, sit amet consectetur adipisicing elit. Placeat eaque voluptatem minus veritatis natus consequatur, ut consequuntur aut. Illum, odio voluptatibus nihil ducimus sequi possimus deserunt eius molestiae ad nam, repellendus consequuntur porro quas iste illo sapiente, rerum delectus laborum dolorum dolor ut natus nostrum?</p><p>Lorem ipsum dolor, sit amet consectetur adipisicing elit. Placeat eaque voluptatem minus veritatis natus consequatur, ut consequuntur aut. Illum, odio voluptatibus nihil ducimus sequi possimus deserunt eius molestiae ad nam, repellendus consequuntur porro quas iste illo sapiente, rerum delectus laborum dolorum dolor ut natus nostrum?</p><p>Lorem ipsum dolor, sit amet consectetur adipisicing elit. Placeat eaque voluptatem minus veritatis natus consequatur, ut consequuntur aut. Illum, odio voluptatibus nihil ducimus sequi possimus deserunt eius molestiae ad nam, repellendus consequuntur porro quas iste illo sapiente, rerum delectus laborum dolorum dolor ut natus nostrum?</p><p>Lorem ipsum dolor, sit amet consectetur adipisicing elit. Placeat eaque voluptatem minus veritatis natus consequatur, ut consequuntur aut. Illum, odio voluptatibus nihil ducimus sequi possimus deserunt eius molestiae ad nam, repellendus consequuntur porro quas iste illo sapiente, rerum delectus laborum dolorum dolor ut natus nostrum?</p><p>Lorem ipsum dolor, sit amet consectetur adipisicing elit. Placeat eaque voluptatem minus veritatis natus consequatur, ut consequuntur aut. Illum, odio voluptatibus nihil ducimus sequi possimus deserunt eius molestiae ad nam, repellendus consequuntur porro quas iste illo sapiente, rerum delectus laborum dolorum dolor ut natus nostrum?</p>",
    "category": 4,
    "tags": null,
    "status": "Published",
    "views": 0,
    "is_featured": false,
    "date": "2024-09-20T16:32:48.460Z",
    "likes": []
  }
},
{
  "model": "blog.comment",
  "pk": 1,
  "fields": {
    "blog": 1,
    "full_name": "Jerome Clayton",
    "email": "jesuh@mailinator.com",
    "content": "Nice post",
    "approved": true,
    "date": "2024-09-17T14:18:33Z"
  }
},
{
  "model": "blog.comment",
  "pk": 2,
  "fields": {
    "blog": 1,
    "full_name": "Destiny Franks",
    "email": "ciloh@mailinator.com",
    "content": "Voluptatem Saepe es",
    "approved": true,
    "date": "2024-09-17T14:58:32Z"
  }
},
{
  "model": "blog.comment",
  "pk": 3,
  "fields": {
    "blog": 1,
    "full_name": "Jenny Adga",
    "email": "zozum@mailinator.com",
    "content": "Et laborum dolorem e",
    "approved": true,
    "date": "2024-09-17T14:59:28Z"
  }
},
{
  "model": "admin.logentry",
  "pk": 1,
  "fields": {
    "action_time": "2024-09-06T14:01:46.737Z",
    "user": [
      "desphixs@gmail.com"
    ],
    "content_type": [
      "store",
      "category"
    ],
    "object_id": "1",
    "object_repr": "Electronics",
    "action_flag": 1,
    "change_message": "[{\"added\": {}}]"
  }
},
{
  "model": "admin.logentry",
  "pk": 2,
  "fields": {
    "action_time": "2024-09-06T14:01:52.307Z",
    "user": [
      "desphixs@gmail.com"
    ],
    "content_type": [
      "store",
      "category"
    ],
    "object_id": "2",
    "object_repr": "Gadgets",
    "action_flag": 1,
    "change_message": "[{\"added\": {}}]"
  }
},
{
  "model": "admin.logentry",
  "pk": 3,
  "fields": {
    "action_time": "2024-09-06T14:03:37.641Z",
    "user": [
      "desphixs@gmail.com"
    ],
    "content_type": [
      "store",
      "product"
    ],
    "object_id": "1",
    "object_repr": "Apple Macbook Pro - M3 Chip",
    "action_flag": 1,
    "change_message": "[{\"added\": {}}, {\"added\": {\"name\": \"gallery\", \"object\": \"Apple Macbook Pro - M3 Chip - image\"}}, {\"added\": {\"name\": \"gallery\", \"object\": \"Apple Macbook Pro - M3 Chip - image\"}}, {\"added\": {\"name\": \"gallery\", \"object\": \"Apple Macbook Pro - M3 Chip - image\"}}]"
  }
},
{
  "model": "admin.logentry",
  "pk": 4,
  "fields": {
    "action_time": "2024-09-06T14:13:57.101Z",
    "user": [
      "desphixs@gmail.com"
    ],
    "content_type": [
      "store",
      "product"
    ],
    "object_id": "1",
    "object_repr": "Apple Macbook Pro - M3 Chip",
    "action_flag": 2,
    "change_message": "[{\"changed\": {\"fields\": [\"Status\"]}}]"
  }
},
{
  "model": "admin.logentry",
  "pk": 5,
  "fields": {
    "action_time": "2024-09-06T14:14:02.789Z",
    "user": [
      "desphixs@gmail.com"
    ],
    "content_type": [
      "store",
      "product"
    ],
    "object_id": "1",
    "object_repr": "Apple Macbook Pro - M3 Chip",
    "action_flag": 2,
    "change_message": "[{\"changed\": {\"fields\": [\"Status\"]}}]"
  }
},
{
  "model": "admin.logentry",
  "pk": 6,
  "fields": {
    "action_time": "2024-09-06T14:18:02.064Z",
    "user": [
      "desphixs@gmail.com"
    ],
    "content_type": [
      "store",
      "review"
    ],
    "object_id": "1",
    "object_repr": "destiny review on Apple Macbook Pro - M3 Chip",
    "action_flag": 1,
    "change_message": "[{\"added\": {}}]"
  }
},
{
  "model": "admin.logentry",
  "pk": 7,
  "fields": {
    "action_time": "2024-09-06T14:18:10.027Z",
    "user": [
      "desphixs@gmail.com"
    ],
    "content_type": [
      "store",
      "review"
    ],
    "object_id": "2",
    "object_repr": "filiruku review on Apple Macbook Pro - M3 Chip",
    "action_flag": 1,
    "change_message": "[{\"added\": {}}]"
  }
},
{
  "model": "admin.logentry",
  "pk": 8,
  "fields": {
    "action_time": "2024-09-06T14:25:37.461Z",
    "user": [
      "desphixs@gmail.com"
    ],
    "content_type": [
      "store",
      "product"
    ],
    "object_id": "1",
    "object_repr": "Apple Macbook Pro - M3 Chip",
    "action_flag": 2,
    "change_message": "[{\"changed\": {\"fields\": [\"Image\"]}}]"
  }
},
{
  "model": "admin.logentry",
  "pk": 9,
  "fields": {
    "action_time": "2024-09-06T14:26:05.739Z",
    "user": [
      "desphixs@gmail.com"
    ],
    "content_type": [
      "store",
      "product"
    ],
    "object_id": "1",
    "object_repr": "Apple Macbook Pro - M3 Chip",
    "action_flag": 2,
    "change_message": "[{\"changed\": {\"name\": \"gallery\", \"object\": \"Apple Macbook Pro - M3 Chip - image\", \"fields\": [\"Image\"]}}]"
  }
},
{
  "model": "admin.logentry",
  "pk": 10,
  "fields": {
    "action_time": "2024-09-06T14:29:47.564Z",
    "user": [
      "desphixs@gmail.com"
    ],
    "content_type": [
      "store",
      "product"
    ],
    "object_id": "1",
    "object_repr": "Apple Macbook Pro - M3 Chip",
    "action_flag": 2,
    "change_message": "[{\"changed\": {\"fields\": [\"Stock\"]}}]"
  }
},
{
  "model": "admin.logentry",
  "pk": 11,
  "fields": {
    "action_time": "2024-09-06T14:29:56.052Z",
    "user": [
      "desphixs@gmail.com"
    ],
    "content_type": [
      "store",
      "product"
    ],
    "object_id": "1",
    "object_repr": "Apple Macbook Pro - M3 Chip",
    "action_flag": 2,
    "change_message": "[{\"changed\": {\"fields\": [\"Stock\"]}}]"
  }
},
{
  "model": "admin.logentry",
  "pk": 12,
  "fields": {
    "action_time": "2024-09-06T14:32:09.028Z",
    "user": [
      "desphixs@gmail.com"
    ],
    "content_type": [
      "store",
      "product"
    ],
    "object_id": "1",
    "object_repr": "Apple Macbook Pro - M3 Chip",
    "action_flag": 2,
    "change_message": "[{\"added\": {\"name\": \"variant\", \"object\": \"Color\"}}, {\"added\": {\"name\": \"variant\", \"object\": \"Size\"}}, {\"added\": {\"name\": \"variant\", \"object\": \"Specifications\"}}]"
  }
},
{
  "model": "admin.logentry",
  "pk": 13,
  "fields": {
    "action_time": "2024-09-06T14:33:23.488Z",
    "user": [
      "desphixs@gmail.com"
    ],
    "content_type": [
      "store",
      "variant"
    ],
    "object_id": "1",
    "object_repr": "Color",
    "action_flag": 2,
    "change_message": "[{\"added\": {\"name\": \"variant item\", \"object\": \"Color\"}}, {\"added\": {\"name\": \"variant item\", \"object\": \"Color\"}}, {\"added\": {\"name\": \"variant item\", \"object\": \"Color\"}}, {\"added\": {\"name\": \"variant item\", \"object\": \"Color\"}}, {\"added\": {\"name\": \"variant item\", \"object\": \"Color\"}}]"
  }
},
{
  "model": "admin.logentry",
  "pk": 14,
  "fields": {
    "action_time": "2024-09-06T14:34:02.657Z",
    "user": [
      "desphixs@gmail.com"
    ],
    "content_type": [
      "store",
      "variant"
    ],
    "object_id": "2",
    "object_repr": "Size",
    "action_flag": 2,
    "change_message": "[{\"added\": {\"name\": \"variant item\", \"object\": \"Size\"}}, {\"added\": {\"name\": \"variant item\", \"object\": \"Size\"}}, {\"added\": {\"name\": \"variant item\", \"object\": \"Size\"}}, {\"added\": {\"name\": \"variant item\", \"object\": \"Size\"}}, {\"added\": {\"name\": \"variant item\", \"object\": \"Size\"}}]"
  }
},
{
  "model": "admin.logentry",
  "pk": 15,
  "fields": {
    "action_time": "2024-09-06T14:34:48.395Z",
    "user": [
      "desphixs@gmail.com"
    ],
    "content_type": [
      "store",
      "variant"
    ],
    "object_id": "3",
    "object_repr": "Specifications",
    "action_flag": 2,
    "change_message": "[{\"added\": {\"name\": \"variant item\", \"object\": \"Specifications\"}}, {\"added\": {\"name\": \"variant item\", \"object\": \"Specifications\"}}, {\"added\": {\"name\": \"variant item\", \"object\": \"Specifications\"}}, {\"added\": {\"name\": \"variant item\", \"object\": \"Specifications\"}}]"
  }
},
{
  "model": "admin.logentry",
  "pk": 16,
  "fields": {
    "action_time": "2024-09-06T14:35:13.373Z",
    "user": [
      "desphixs@gmail.com"
    ],
    "content_type": [
      "store",
      "variant"
    ],
    "object_id": "2",
    "object_repr": "Size",
    "action_flag": 2,
    "change_message": "[{\"changed\": {\"name\": \"variant item\", \"object\": \"Size\", \"fields\": [\"Item Content\"]}}, {\"changed\": {\"name\": \"variant item\", \"object\": \"Size\", \"fields\": [\"Item Content\"]}}, {\"changed\": {\"name\": \"variant item\", \"object\": \"Size\", \"fields\": [\"Item Content\"]}}, {\"changed\": {\"name\": \"variant item\", \"object\": \"Size\", \"fields\": [\"Item Content\"]}}, {\"changed\": {\"name\": \"variant item\", \"object\": \"Size\", \"fields\": [\"Item Content\"]}}]"
  }
},
{
  "model": "admin.logentry",
  "pk": 17,
  "fields": {
    "action_time": "2024-09-06T14:50:12.699Z",
    "user": [
      "desphixs@gmail.com"
    ],
    "content_type": [
      "store",
      "product"
    ],
    "object_id": "1",
    "object_repr": "Apple Macbook Pro - M3 Chip",
    "action_flag": 2,
    "change_message": "[{\"changed\": {\"fields\": [\"Stock\"]}}]"
  }
},
{
  "model": "admin.logentry",
  "pk": 18,
  "fields": {
    "action_time": "2024-09-07T20:51:45.030Z",
    "user": [
      "desphixs@gmail.com"
    ],
    "content_type": [
      "store",
      "cart"
    ],
    "object_id": "1",
    "object_repr": "0529621121 - Apple Macbook Pro - M3 Chip",
    "action_flag": 3,
    "change_message": ""
  }
},
{
  "model": "admin.logentry",
  "pk": 19,
  "fields": {
    "action_time": "2024-09-07T21:41:59.766Z",
    "user": [
      "desphixs@gmail.com"
    ],
    "content_type": [
      "userauths",
      "profile"
    ],
    "object_id": "4",
    "object_repr": "destiny",
    "action_flag": 1,
    "change_message": "[{\"added\": {}}]"
  }
},
{
  "model": "admin.logentry",
  "pk": 20,
  "fields": {
    "action_time": "2024-09-08T15:13:11.939Z",
    "user": [
      "desphixs@gmail.com"
    ],
    "content_type": [
      "store",
      "product"
    ],
    "object_id": "2",
    "object_repr": "Iphone 13 Pro max",
    "action_flag": 1,
    "change_message": "[{\"added\": {}}, {\"added\": {\"name\": \"gallery\", \"object\": \"Iphone 13 Pro max - image\"}}, {\"added\": {\"name\": \"gallery\", \"object\": \"Iphone 13 Pro max - image\"}}, {\"added\": {\"name\": \"variant\", \"object\": \"Color\"}}, {\"added\": {\"name\": \"variant\", \"object\": \"Specifications\"}}]"
  }
},
{
  "model": "admin.logentry",
  "pk": 21,
  "fields": {
    "action_time": "2024-09-08T15:13:47.393Z",
    "user": [
      "desphixs@gmail.com"
    ],
    "content_type": [
      "store",
      "variant"
    ],
    "object_id": "4",
    "object_repr": "Color",
    "action_flag": 2,
    "change_message": "[{\"added\": {\"name\": \"variant item\", \"object\": \"Color\"}}, {\"added\": {\"name\": \"variant item\", \"object\": \"Color\"}}, {\"added\": {\"name\": \"variant item\", \"object\": \"Color\"}}]"
  }
},
{
  "model": "admin.logentry",
  "pk": 22,
  "fields": {
    "action_time": "2024-09-08T15:14:01.025Z",
    "user": [
      "desphixs@gmail.com"
    ],
    "content_type": [
      "store",
      "variant"
    ],
    "object_id": "5",
    "object_repr": "Specifications",
    "action_flag": 2,
    "change_message": "[{\"added\": {\"name\": \"variant item\", \"object\": \"Specifications\"}}, {\"added\": {\"name\": \"variant item\", \"object\": \"Specifications\"}}]"
  }
},
{
  "model": "admin.logentry",
  "pk": 23,
  "fields": {
    "action_time": "2024-09-08T18:11:39.321Z",
    "user": [
      "desphixs@gmail.com"
    ],
    "content_type": [
      "customer",
      "address"
    ],
    "object_id": "1",
    "object_repr": "Destiny Franks",
    "action_flag": 1,
    "change_message": "[{\"added\": {}}]"
  }
},
{
  "model": "admin.logentry",
  "pk": 24,
  "fields": {
    "action_time": "2024-09-08T18:13:16.168Z",
    "user": [
      "desphixs@gmail.com"
    ],
    "content_type": [
      "customer",
      "address"
    ],
    "object_id": "2",
    "object_repr": "Destiny Franks",
    "action_flag": 1,
    "change_message": "[{\"added\": {}}]"
  }
},
{
  "model": "admin.logentry",
  "pk": 25,
  "fields": {
    "action_time": "2024-09-12T18:39:43.730Z",
    "user": [
      "desphixs@gmail.com"
    ],
    "content_type": [
      "customer",
      "address"
    ],
    "object_id": "2",
    "object_repr": "Destiny Franks",
    "action_flag": 2,
    "change_message": "[]"
  }
},
{
  "model": "admin.logentry",
  "pk": 26,
  "fields": {
    "action_time": "2024-09-12T18:49:27.222Z",
    "user": [
      "desphixs@gmail.com"
    ],
    "content_type": [
      "store",
      "cart"
    ],
    "object_id": "15",
    "object_repr": "3049008184 - Apple Macbook Pro - M3 Chip",
    "action_flag": 3,
    "change_message": ""
  }
},
{
  "model": "admin.logentry",
  "pk": 27,
  "fields": {
    "action_time": "2024-09-12T18:49:27.234Z",
    "user": [
      "desphixs@gmail.com"
    ],
    "content_type": [
      "store",
      "cart"
    ],
    "object_id": "14",
    "object_repr": "3049008184 - Iphone 13 Pro max",
    "action_flag": 3,
    "change_message": ""
  }
},
{
  "model": "admin.logentry",
  "pk": 28,
  "fields": {
    "action_time": "2024-09-12T18:49:27.245Z",
    "user": [
      "desphixs@gmail.com"
    ],
    "content_type": [
      "store",
      "cart"
    ],
    "object_id": "13",
    "object_repr": "7841493201 - Apple Macbook Pro - M3 Chip",
    "action_flag": 3,
    "change_message": ""
  }
},
{
  "model": "admin.logentry",
  "pk": 29,
  "fields": {
    "action_time": "2024-09-12T18:49:27.255Z",
    "user": [
      "desphixs@gmail.com"
    ],
    "content_type": [
      "store",
      "cart"
    ],
    "object_id": "12",
    "object_repr": "7841493201 - Iphone 13 Pro max",
    "action_flag": 3,
    "change_message": ""
  }
},
{
  "model": "admin.logentry",
  "pk": 30,
  "fields": {
    "action_time": "2024-09-12T18:49:27.266Z",
    "user": [
      "desphixs@gmail.com"
    ],
    "content_type": [
      "store",
      "cart"
    ],
    "object_id": "11",
    "object_repr": "0529621121 - Iphone 13 Pro max",
    "action_flag": 3,
    "change_message": ""
  }
},
{
  "model": "admin.logentry",
  "pk": 31,
  "fields": {
    "action_time": "2024-09-12T18:49:27.275Z",
    "user": [
      "desphixs@gmail.com"
    ],
    "content_type": [
      "store",
      "cart"
    ],
    "object_id": "10",
    "object_repr": "0529621121 - Apple Macbook Pro - M3 Chip",
    "action_flag": 3,
    "change_message": ""
  }
},
{
  "model": "admin.logentry",
  "pk": 32,
  "fields": {
    "action_time": "2024-09-12T18:50:01.217Z",
    "user": [
      "desphixs@gmail.com"
    ],
    "content_type": [
      "store",
      "product"
    ],
    "object_id": "1",
    "object_repr": "Apple Macbook Pro - M3 Chip",
    "action_flag": 2,
    "change_message": "[{\"changed\": {\"fields\": [\"Shipping Amount\"]}}]"
  }
},
{
  "model": "admin.logentry",
  "pk": 33,
  "fields": {
    "action_time": "2024-09-12T18:50:07.759Z",
    "user": [
      "desphixs@gmail.com"
    ],
    "content_type": [
      "store",
      "product"
    ],
    "object_id": "2",
    "object_repr": "Iphone 13 Pro max",
    "action_flag": 2,
    "change_message": "[{\"changed\": {\"fields\": [\"Shipping Amount\"]}}]"
  }
},
{
  "model": "admin.logentry",
  "pk": 34,
  "fields": {
    "action_time": "2024-09-12T19:38:33.412Z",
    "user": [
      "desphixs@gmail.com"
    ],
    "content_type": [
      "store",
      "coupon"
    ],
    "object_id": "1",
    "object_repr": "CODE1",
    "action_flag": 1,
    "change_message": "[{\"added\": {}}]"
  }
},
{
  "model": "admin.logentry",
  "pk": 35,
  "fields": {
    "action_time": "2024-09-12T21:36:51.161Z",
    "user": [
      "desphixs@gmail.com"
    ],
    "content_type": [
      "userauths",
      "profile"
    ],
    "object_id": "4",
    "object_repr": "destiny",
    "action_flag": 2,
    "change_message": "[{\"changed\": {\"fields\": [\"Image\"]}}]"
  }
},
{
  "model": "admin.logentry",
  "pk": 36,
  "fields": {
    "action_time": "2024-09-12T21:41:55.612Z",
    "user": [
      "desphixs@gmail.com"
    ],
    "content_type": [
      "store",
      "order"
    ],
    "object_id": "7",
    "object_repr": "191695",
    "action_flag": 3,
    "change_message": ""
  }
},
{
  "model": "admin.logentry",
  "pk": 37,
  "fields": {
    "action_time": "2024-09-12T21:41:55.623Z",
    "user": [
      "desphixs@gmail.com"
    ],
    "content_type": [
      "store",
      "order"
    ],
    "object_id": "6",
    "object_repr": "138805",
    "action_flag": 3,
    "change_message": ""
  }
},
{
  "model": "admin.logentry",
  "pk": 38,
  "fields": {
    "action_time": "2024-09-12T21:41:55.632Z",
    "user": [
      "desphixs@gmail.com"
    ],
    "content_type": [
      "store",
      "order"
    ],
    "object_id": "5",
    "object_repr": "140412",
    "action_flag": 3,
    "change_message": ""
  }
},
{
  "model": "admin.logentry",
  "pk": 39,
  "fields": {
    "action_time": "2024-09-12T21:41:55.642Z",
    "user": [
      "desphixs@gmail.com"
    ],
    "content_type": [
      "store",
      "order"
    ],
    "object_id": "4",
    "object_repr": "213208",
    "action_flag": 3,
    "change_message": ""
  }
},
{
  "model": "admin.logentry",
  "pk": 40,
  "fields": {
    "action_time": "2024-09-12T21:42:08.394Z",
    "user": [
      "desphixs@gmail.com"
    ],
    "content_type": [
      "store",
      "order"
    ],
    "object_id": "3",
    "object_repr": "265505",
    "action_flag": 2,
    "change_message": "[{\"changed\": {\"fields\": [\"Payment status\", \"Order status\"]}}]"
  }
},
{
  "model": "admin.logentry",
  "pk": 41,
  "fields": {
    "action_time": "2024-09-12T21:42:21.506Z",
    "user": [
      "desphixs@gmail.com"
    ],
    "content_type": [
      "store",
      "order"
    ],
    "object_id": "2",
    "object_repr": "115218",
    "action_flag": 2,
    "change_message": "[{\"changed\": {\"fields\": [\"Payment status\", \"Order status\"]}}]"
  }
},
{
  "model": "admin.logentry",
  "pk": 42,
  "fields": {
    "action_time": "2024-09-12T21:42:37.122Z",
    "user": [
      "desphixs@gmail.com"
    ],
    "content_type": [
      "store",
      "order"
    ],
    "object_id": "1",
    "object_repr": "103359",
    "action_flag": 2,
    "change_message": "[{\"changed\": {\"fields\": [\"Initial total\"]}}]"
  }
},
{
  "model": "admin.logentry",
  "pk": 43,
  "fields": {
    "action_time": "2024-09-12T21:42:44.444Z",
    "user": [
      "desphixs@gmail.com"
    ],
    "content_type": [
      "store",
      "order"
    ],
    "object_id": "1",
    "object_repr": "103359",
    "action_flag": 2,
    "change_message": "[{\"changed\": {\"fields\": [\"Total\"]}}]"
  }
},
{
  "model": "admin.logentry",
  "pk": 44,
  "fields": {
    "action_time": "2024-09-12T21:42:58.845Z",
    "user": [
      "desphixs@gmail.com"
    ],
    "content_type": [
      "store",
      "order"
    ],
    "object_id": "3",
    "object_repr": "265505",
    "action_flag": 3,
    "change_message": ""
  }
},
{
  "model": "admin.logentry",
  "pk": 45,
  "fields": {
    "action_time": "2024-09-12T21:42:58.856Z",
    "user": [
      "desphixs@gmail.com"
    ],
    "content_type": [
      "store",
      "order"
    ],
    "object_id": "2",
    "object_repr": "115218",
    "action_flag": 3,
    "change_message": ""
  }
},
{
  "model": "admin.logentry",
  "pk": 46,
  "fields": {
    "action_time": "2024-09-12T21:42:58.868Z",
    "user": [
      "desphixs@gmail.com"
    ],
    "content_type": [
      "store",
      "order"
    ],
    "object_id": "1",
    "object_repr": "103359",
    "action_flag": 3,
    "change_message": ""
  }
},
{
  "model": "admin.logentry",
  "pk": 47,
  "fields": {
    "action_time": "2024-09-12T21:44:41.447Z",
    "user": [
      "desphixs@gmail.com"
    ],
    "content_type": [
      "store",
      "order"
    ],
    "object_id": "11",
    "object_repr": "167654",
    "action_flag": 2,
    "change_message": "[{\"changed\": {\"fields\": [\"Payment status\", \"Order status\"]}}]"
  }
},
{
  "model": "admin.logentry",
  "pk": 48,
  "fields": {
    "action_time": "2024-09-12T21:44:41.449Z",
    "user": [
      "desphixs@gmail.com"
    ],
    "content_type": [
      "store",
      "order"
    ],
    "object_id": "10",
    "object_repr": "226573",
    "action_flag": 2,
    "change_message": "[{\"changed\": {\"fields\": [\"Payment status\", \"Order status\"]}}]"
  }
},
{
  "model": "admin.logentry",
  "pk": 49,
  "fields": {
    "action_time": "2024-09-12T21:44:41.451Z",
    "user": [
      "desphixs@gmail.com"
    ],
    "content_type": [
      "store",
      "order"
    ],
    "object_id": "9",
    "object_repr": "661072",
    "action_flag": 2,
    "change_message": "[{\"changed\": {\"fields\": [\"Payment status\", \"Order status\"]}}]"
  }
},
{
  "model": "admin.logentry",
  "pk": 50,
  "fields": {
    "action_time": "2024-09-12T21:54:02.931Z",
    "user": [
      "desphixs@gmail.com"
    ],
    "content_type": [
      "store",
      "order"
    ],
    "object_id": "11",
    "object_repr": "167654",
    "action_flag": 2,
    "change_message": "[{\"changed\": {\"fields\": [\"Payment method\"]}}]"
  }
},
{
  "model": "admin.logentry",
  "pk": 51,
  "fields": {
    "action_time": "2024-09-12T21:54:02.932Z",
    "user": [
      "desphixs@gmail.com"
    ],
    "content_type": [
      "store",
      "order"
    ],
    "object_id": "10",
    "object_repr": "226573",
    "action_flag": 2,
    "change_message": "[{\"changed\": {\"fields\": [\"Payment method\"]}}]"
  }
},
{
  "model": "admin.logentry",
  "pk": 52,
  "fields": {
    "action_time": "2024-09-12T21:54:02.934Z",
    "user": [
      "desphixs@gmail.com"
    ],
    "content_type": [
      "store",
      "order"
    ],
    "object_id": "9",
    "object_repr": "661072",
    "action_flag": 2,
    "change_message": "[{\"changed\": {\"fields\": [\"Payment method\"]}}]"
  }
},
{
  "model": "admin.logentry",
  "pk": 53,
  "fields": {
    "action_time": "2024-09-12T21:54:02.935Z",
    "user": [
      "desphixs@gmail.com"
    ],
    "content_type": [
      "store",
      "order"
    ],
    "object_id": "8",
    "object_repr": "747685",
    "action_flag": 2,
    "change_message": "[{\"changed\": {\"fields\": [\"Payment method\"]}}]"
  }
},
{
  "model": "admin.logentry",
  "pk": 54,
  "fields": {
    "action_time": "2024-09-12T22:17:14.455Z",
    "user": [
      "desphixs@gmail.com"
    ],
    "content_type": [
      "customer",
      "wishlist"
    ],
    "object_id": "1",
    "object_repr": "Iphone 13 Pro max",
    "action_flag": 1,
    "change_message": "[{\"added\": {}}]"
  }
},
{
  "model": "admin.logentry",
  "pk": 55,
  "fields": {
    "action_time": "2024-09-12T22:17:18.236Z",
    "user": [
      "desphixs@gmail.com"
    ],
    "content_type": [
      "customer",
      "wishlist"
    ],
    "object_id": "2",
    "object_repr": "Apple Macbook Pro - M3 Chip",
    "action_flag": 1,
    "change_message": "[{\"added\": {}}]"
  }
},
{
  "model": "admin.logentry",
  "pk": 56,
  "fields": {
    "action_time": "2024-09-12T22:21:47.176Z",
    "user": [
      "desphixs@gmail.com"
    ],
    "content_type": [
      "customer",
      "wishlist"
    ],
    "object_id": "3",
    "object_repr": "Apple Macbook Pro - M3 Chip",
    "action_flag": 1,
    "change_message": "[{\"added\": {}}]"
  }
},
{
  "model": "admin.logentry",
  "pk": 57,
  "fields": {
    "action_time": "2024-09-12T22:21:50.599Z",
    "user": [
      "desphixs@gmail.com"
    ],
    "content_type": [
      "customer",
      "wishlist"
    ],
    "object_id": "4",
    "object_repr": "Iphone 13 Pro max",
    "action_flag": 1,
    "change_message": "[{\"added\": {}}]"
  }
},
{
  "model": "admin.logentry",
  "pk": 58,
  "fields": {
    "action_time": "2024-09-13T14:29:51.494Z",
    "user": [
      "desphixs@gmail.com"
    ],
    "content_type": [
      "store",
      "review"
    ],
    "object_id": "2",
    "object_repr": "filiruku review on Apple Macbook Pro - M3 Chip",
    "action_flag": 2,
    "change_message": "[{\"changed\": {\"fields\": [\"Reply\"]}}]"
  }
},
{
  "model": "admin.logentry",
  "pk": 59,
  "fields": {
    "action_time": "2024-09-13T14:29:55.663Z",
    "user": [
      "desphixs@gmail.com"
    ],
    "content_type": [
      "store",
      "review"
    ],
    "object_id": "1",
    "object_repr": "destiny review on Apple Macbook Pro - M3 Chip",
    "action_flag": 2,
    "change_message": "[{\"changed\": {\"fields\": [\"Reply\"]}}]"
  }
},
{
  "model": "admin.logentry",
  "pk": 60,
  "fields": {
    "action_time": "2024-09-13T14:46:47.523Z",
    "user": [
      "desphixs@gmail.com"
    ],
    "content_type": [
      "store",
      "review"
    ],
    "object_id": "3",
    "object_repr": "coleqin review on Iphone 13 Pro max",
    "action_flag": 1,
    "change_message": "[{\"added\": {}}]"
  }
},
{
  "model": "admin.logentry",
  "pk": 61,
  "fields": {
    "action_time": "2024-09-13T14:46:55.737Z",
    "user": [
      "desphixs@gmail.com"
    ],
    "content_type": [
      "store",
      "review"
    ],
    "object_id": "4",
    "object_repr": "qywu review on Iphone 13 Pro max",
    "action_flag": 1,
    "change_message": "[{\"added\": {}}]"
  }
},
{
  "model": "admin.logentry",
  "pk": 62,
  "fields": {
    "action_time": "2024-09-13T14:46:59.488Z",
    "user": [
      "desphixs@gmail.com"
    ],
    "content_type": [
      "store",
      "review"
    ],
    "object_id": "5",
    "object_repr": "coleqin review on Iphone 13 Pro max",
    "action_flag": 1,
    "change_message": "[{\"added\": {}}]"
  }
},
{
  "model": "admin.logentry",
  "pk": 63,
  "fields": {
    "action_time": "2024-09-13T14:47:03.257Z",
    "user": [
      "desphixs@gmail.com"
    ],
    "content_type": [
      "store",
      "review"
    ],
    "object_id": "6",
    "object_repr": "qywu review on Apple Macbook Pro - M3 Chip",
    "action_flag": 1,
    "change_message": "[{\"added\": {}}]"
  }
},
{
  "model": "admin.logentry",
  "pk": 64,
  "fields": {
    "action_time": "2024-09-14T14:22:43.922Z",
    "user": [
      "desphixs@gmail.com"
    ],
    "content_type": [
      "vendor",
      "notifications"
    ],
    "object_id": "1",
    "object_repr": "New Order",
    "action_flag": 1,
    "change_message": "[{\"added\": {}}]"
  }
},
{
  "model": "admin.logentry",
  "pk": 65,
  "fields": {
    "action_time": "2024-09-14T14:22:48.772Z",
    "user": [
      "desphixs@gmail.com"
    ],
    "content_type": [
      "vendor",
      "notifications"
    ],
    "object_id": "2",
    "object_repr": "Item Shipped",
    "action_flag": 1,
    "change_message": "[{\"added\": {}}]"
  }
},
{
  "model": "admin.logentry",
  "pk": 66,
  "fields": {
    "action_time": "2024-09-14T14:22:52.337Z",
    "user": [
      "desphixs@gmail.com"
    ],
    "content_type": [
      "vendor",
      "notifications"
    ],
    "object_id": "3",
    "object_repr": "Item Delivered",
    "action_flag": 1,
    "change_message": "[{\"added\": {}}]"
  }
},
{
  "model": "admin.logentry",
  "pk": 67,
  "fields": {
    "action_time": "2024-09-14T14:22:55.207Z",
    "user": [
      "desphixs@gmail.com"
    ],
    "content_type": [
      "vendor",
      "notifications"
    ],
    "object_id": "4",
    "object_repr": "New Order",
    "action_flag": 1,
    "change_message": "[{\"added\": {}}]"
  }
},
{
  "model": "admin.logentry",
  "pk": 68,
  "fields": {
    "action_time": "2024-09-14T14:22:57.368Z",
    "user": [
      "desphixs@gmail.com"
    ],
    "content_type": [
      "vendor",
      "notifications"
    ],
    "object_id": "5",
    "object_repr": "New Order",
    "action_flag": 1,
    "change_message": "[{\"added\": {}}]"
  }
},
{
  "model": "admin.logentry",
  "pk": 69,
  "fields": {
    "action_time": "2024-09-14T14:22:59.703Z",
    "user": [
      "desphixs@gmail.com"
    ],
    "content_type": [
      "vendor",
      "notifications"
    ],
    "object_id": "6",
    "object_repr": "New Order",
    "action_flag": 1,
    "change_message": "[{\"added\": {}}]"
  }
},
{
  "model": "admin.logentry",
  "pk": 70,
  "fields": {
    "action_time": "2024-09-14T14:26:52.880Z",
    "user": [
      "desphixs@gmail.com"
    ],
    "content_type": [
      "vendor",
      "notifications"
    ],
    "object_id": "6",
    "object_repr": "New Order",
    "action_flag": 2,
    "change_message": "[{\"changed\": {\"fields\": [\"Order\"]}}]"
  }
},
{
  "model": "admin.logentry",
  "pk": 71,
  "fields": {
    "action_time": "2024-09-14T14:26:52.881Z",
    "user": [
      "desphixs@gmail.com"
    ],
    "content_type": [
      "vendor",
      "notifications"
    ],
    "object_id": "5",
    "object_repr": "New Order",
    "action_flag": 2,
    "change_message": "[{\"changed\": {\"fields\": [\"Order\"]}}]"
  }
},
{
  "model": "admin.logentry",
  "pk": 72,
  "fields": {
    "action_time": "2024-09-14T14:26:52.881Z",
    "user": [
      "desphixs@gmail.com"
    ],
    "content_type": [
      "vendor",
      "notifications"
    ],
    "object_id": "4",
    "object_repr": "New Order",
    "action_flag": 2,
    "change_message": "[{\"changed\": {\"fields\": [\"Order\"]}}]"
  }
},
{
  "model": "admin.logentry",
  "pk": 73,
  "fields": {
    "action_time": "2024-09-14T14:26:52.883Z",
    "user": [
      "desphixs@gmail.com"
    ],
    "content_type": [
      "vendor",
      "notifications"
    ],
    "object_id": "3",
    "object_repr": "Item Delivered",
    "action_flag": 2,
    "change_message": "[{\"changed\": {\"fields\": [\"Order\"]}}]"
  }
},
{
  "model": "admin.logentry",
  "pk": 74,
  "fields": {
    "action_time": "2024-09-14T14:26:52.884Z",
    "user": [
      "desphixs@gmail.com"
    ],
    "content_type": [
      "vendor",
      "notifications"
    ],
    "object_id": "2",
    "object_repr": "Item Shipped",
    "action_flag": 2,
    "change_message": "[{\"changed\": {\"fields\": [\"Order\"]}}]"
  }
},
{
  "model": "admin.logentry",
  "pk": 75,
  "fields": {
    "action_time": "2024-09-14T14:26:52.884Z",
    "user": [
      "desphixs@gmail.com"
    ],
    "content_type": [
      "vendor",
      "notifications"
    ],
    "object_id": "1",
    "object_repr": "New Order",
    "action_flag": 2,
    "change_message": "[{\"changed\": {\"fields\": [\"Order\"]}}]"
  }
},
{
  "model": "admin.logentry",
  "pk": 76,
  "fields": {
    "action_time": "2024-09-14T16:38:21.733Z",
    "user": [
      "desphixs@gmail.com"
    ],
    "content_type": [
      "store",
      "variant"
    ],
    "object_id": "5",
    "object_repr": "Specifications",
    "action_flag": 3,
    "change_message": ""
  }
},
{
  "model": "admin.logentry",
  "pk": 77,
  "fields": {
    "action_time": "2024-09-14T16:38:21.744Z",
    "user": [
      "desphixs@gmail.com"
    ],
    "content_type": [
      "store",
      "variant"
    ],
    "object_id": "4",
    "object_repr": "Color",
    "action_flag": 3,
    "change_message": ""
  }
},
{
  "model": "admin.logentry",
  "pk": 78,
  "fields": {
    "action_time": "2024-09-14T16:38:21.755Z",
    "user": [
      "desphixs@gmail.com"
    ],
    "content_type": [
      "store",
      "variant"
    ],
    "object_id": "3",
    "object_repr": "Specifications",
    "action_flag": 3,
    "change_message": ""
  }
},
{
  "model": "admin.logentry",
  "pk": 79,
  "fields": {
    "action_time": "2024-09-14T16:38:21.766Z",
    "user": [
      "desphixs@gmail.com"
    ],
    "content_type": [
      "store",
      "variant"
    ],
    "object_id": "2",
    "object_repr": "Size",
    "action_flag": 3,
    "change_message": ""
  }
},
{
  "model": "admin.logentry",
  "pk": 80,
  "fields": {
    "action_time": "2024-09-14T16:38:21.777Z",
    "user": [
      "desphixs@gmail.com"
    ],
    "content_type": [
      "store",
      "variant"
    ],
    "object_id": "1",
    "object_repr": "Color",
    "action_flag": 3,
    "change_message": ""
  }
},
{
  "model": "admin.logentry",
  "pk": 81,
  "fields": {
    "action_time": "2024-09-14T16:57:42.458Z",
    "user": [
      "desphixs@gmail.com"
    ],
    "content_type": [
      "store",
      "variant"
    ],
    "object_id": "10",
    "object_repr": "Size",
    "action_flag": 3,
    "change_message": ""
  }
},
{
  "model": "admin.logentry",
  "pk": 82,
  "fields": {
    "action_time": "2024-09-14T16:57:42.488Z",
    "user": [
      "desphixs@gmail.com"
    ],
    "content_type": [
      "store",
      "variant"
    ],
    "object_id": "9",
    "object_repr": "Color",
    "action_flag": 3,
    "change_message": ""
  }
},
{
  "model": "admin.logentry",
  "pk": 83,
  "fields": {
    "action_time": "2024-09-14T17:01:46.017Z",
    "user": [
      "desphixs@gmail.com"
    ],
    "content_type": [
      "store",
      "variant"
    ],
    "object_id": "13",
    "object_repr": "Size",
    "action_flag": 3,
    "change_message": ""
  }
},
{
  "model": "admin.logentry",
  "pk": 84,
  "fields": {
    "action_time": "2024-09-14T17:01:46.026Z",
    "user": [
      "desphixs@gmail.com"
    ],
    "content_type": [
      "store",
      "variant"
    ],
    "object_id": "12",
    "object_repr": "Color",
    "action_flag": 3,
    "change_message": ""
  }
},
{
  "model": "admin.logentry",
  "pk": 85,
  "fields": {
    "action_time": "2024-09-14T17:19:03.763Z",
    "user": [
      "desphixs@gmail.com"
    ],
    "content_type": [
      "store",
      "variant"
    ],
    "object_id": "18",
    "object_repr": "Size",
    "action_flag": 3,
    "change_message": ""
  }
},
{
  "model": "admin.logentry",
  "pk": 86,
  "fields": {
    "action_time": "2024-09-14T17:19:03.774Z",
    "user": [
      "desphixs@gmail.com"
    ],
    "content_type": [
      "store",
      "variant"
    ],
    "object_id": "17",
    "object_repr": "Color",
    "action_flag": 3,
    "change_message": ""
  }
},
{
  "model": "admin.logentry",
  "pk": 87,
  "fields": {
    "action_time": "2024-09-14T17:26:57.852Z",
    "user": [
      "desphixs@gmail.com"
    ],
    "content_type": [
      "store",
      "variant"
    ],
    "object_id": "32",
    "object_repr": "Sizes",
    "action_flag": 3,
    "change_message": ""
  }
},
{
  "model": "admin.logentry",
  "pk": 88,
  "fields": {
    "action_time": "2024-09-14T17:26:57.863Z",
    "user": [
      "desphixs@gmail.com"
    ],
    "content_type": [
      "store",
      "variant"
    ],
    "object_id": "31",
    "object_repr": "Color",
    "action_flag": 3,
    "change_message": ""
  }
},
{
  "model": "admin.logentry",
  "pk": 89,
  "fields": {
    "action_time": "2024-09-14T17:31:06.371Z",
    "user": [
      "desphixs@gmail.com"
    ],
    "content_type": [
      "store",
      "variant"
    ],
    "object_id": "38",
    "object_repr": "Color",
    "action_flag": 2,
    "change_message": "[{\"deleted\": {\"name\": \"variant item\", \"object\": \"Color\"}}, {\"deleted\": {\"name\": \"variant item\", \"object\": \"Color\"}}]"
  }
},
{
  "model": "admin.logentry",
  "pk": 90,
  "fields": {
    "action_time": "2024-09-14T17:35:13.283Z",
    "user": [
      "desphixs@gmail.com"
    ],
    "content_type": [
      "store",
      "variant"
    ],
    "object_id": "49",
    "object_repr": "Size",
    "action_flag": 2,
    "change_message": "[{\"added\": {\"name\": \"variant item\", \"object\": \"Size\"}}, {\"added\": {\"name\": \"variant item\", \"object\": \"Size\"}}]"
  }
},
{
  "model": "admin.logentry",
  "pk": 91,
  "fields": {
    "action_time": "2024-09-14T17:41:20.673Z",
    "user": [
      "desphixs@gmail.com"
    ],
    "content_type": [
      "store",
      "variant"
    ],
    "object_id": "58",
    "object_repr": "Specicat5ions",
    "action_flag": 3,
    "change_message": ""
  }
},
{
  "model": "admin.logentry",
  "pk": 92,
  "fields": {
    "action_time": "2024-09-14T17:41:20.682Z",
    "user": [
      "desphixs@gmail.com"
    ],
    "content_type": [
      "store",
      "variant"
    ],
    "object_id": "57",
    "object_repr": "Size",
    "action_flag": 3,
    "change_message": ""
  }
},
{
  "model": "admin.logentry",
  "pk": 93,
  "fields": {
    "action_time": "2024-09-14T17:41:20.693Z",
    "user": [
      "desphixs@gmail.com"
    ],
    "content_type": [
      "store",
      "variant"
    ],
    "object_id": "56",
    "object_repr": "Color",
    "action_flag": 3,
    "change_message": ""
  }
},
{
  "model": "admin.logentry",
  "pk": 94,
  "fields": {
    "action_time": "2024-09-14T17:43:01.768Z",
    "user": [
      "desphixs@gmail.com"
    ],
    "content_type": [
      "store",
      "variantitem"
    ],
    "object_id": "347",
    "object_repr": "ghffghfhf",
    "action_flag": 3,
    "change_message": ""
  }
},
{
  "model": "admin.logentry",
  "pk": 95,
  "fields": {
    "action_time": "2024-09-14T17:43:01.779Z",
    "user": [
      "desphixs@gmail.com"
    ],
    "content_type": [
      "store",
      "variantitem"
    ],
    "object_id": "346",
    "object_repr": "ghffghfhf",
    "action_flag": 3,
    "change_message": ""
  }
},
{
  "model": "admin.logentry",
  "pk": 96,
  "fields": {
    "action_time": "2024-09-14T17:43:01.790Z",
    "user": [
      "desphixs@gmail.com"
    ],
    "content_type": [
      "store",
      "variantitem"
    ],
    "object_id": "345",
    "object_repr": "ghffghfhf",
    "action_flag": 3,
    "change_message": ""
  }
},
{
  "model": "admin.logentry",
  "pk": 97,
  "fields": {
    "action_time": "2024-09-14T17:43:01.801Z",
    "user": [
      "desphixs@gmail.com"
    ],
    "content_type": [
      "store",
      "variantitem"
    ],
    "object_id": "344",
    "object_repr": "ghffghfhf",
    "action_flag": 3,
    "change_message": ""
  }
},
{
  "model": "admin.logentry",
  "pk": 98,
  "fields": {
    "action_time": "2024-09-14T17:43:01.812Z",
    "user": [
      "desphixs@gmail.com"
    ],
    "content_type": [
      "store",
      "variantitem"
    ],
    "object_id": "343",
    "object_repr": "ghffghfhf",
    "action_flag": 3,
    "change_message": ""
  }
},
{
  "model": "admin.logentry",
  "pk": 99,
  "fields": {
    "action_time": "2024-09-14T17:43:01.821Z",
    "user": [
      "desphixs@gmail.com"
    ],
    "content_type": [
      "store",
      "variantitem"
    ],
    "object_id": "342",
    "object_repr": "ghffghfhf",
    "action_flag": 3,
    "change_message": ""
  }
},
{
  "model": "admin.logentry",
  "pk": 100,
  "fields": {
    "action_time": "2024-09-14T17:43:01.832Z",
    "user": [
      "desphixs@gmail.com"
    ],
    "content_type": [
      "store",
      "variantitem"
    ],
    "object_id": "341",
    "object_repr": "ghffghfhf",
    "action_flag": 3,
    "change_message": ""
  }
},
{
  "model": "admin.logentry",
  "pk": 101,
  "fields": {
    "action_time": "2024-09-14T17:43:01.841Z",
    "user": [
      "desphixs@gmail.com"
    ],
    "content_type": [
      "store",
      "variantitem"
    ],
    "object_id": "340",
    "object_repr": "ghffghfhf",
    "action_flag": 3,
    "change_message": ""
  }
},
{
  "model": "admin.logentry",
  "pk": 102,
  "fields": {
    "action_time": "2024-09-14T17:43:01.851Z",
    "user": [
      "desphixs@gmail.com"
    ],
    "content_type": [
      "store",
      "variantitem"
    ],
    "object_id": "339",
    "object_repr": "Colorwwccvc",
    "action_flag": 3,
    "change_message": ""
  }
},
{
  "model": "admin.logentry",
  "pk": 103,
  "fields": {
    "action_time": "2024-09-14T17:43:01.861Z",
    "user": [
      "desphixs@gmail.com"
    ],
    "content_type": [
      "store",
      "variantitem"
    ],
    "object_id": "338",
    "object_repr": "Colorwwccvc",
    "action_flag": 3,
    "change_message": ""
  }
},
{
  "model": "admin.logentry",
  "pk": 104,
  "fields": {
    "action_time": "2024-09-14T17:43:01.871Z",
    "user": [
      "desphixs@gmail.com"
    ],
    "content_type": [
      "store",
      "variantitem"
    ],
    "object_id": "337",
    "object_repr": "Colorwwccvc",
    "action_flag": 3,
    "change_message": ""
  }
},
{
  "model": "admin.logentry",
  "pk": 105,
  "fields": {
    "action_time": "2024-09-14T17:43:01.884Z",
    "user": [
      "desphixs@gmail.com"
    ],
    "content_type": [
      "store",
      "variantitem"
    ],
    "object_id": "336",
    "object_repr": "Colorwwccvc",
    "action_flag": 3,
    "change_message": ""
  }
},
{
  "model": "admin.logentry",
  "pk": 106,
  "fields": {
    "action_time": "2024-09-14T17:43:01.895Z",
    "user": [
      "desphixs@gmail.com"
    ],
    "content_type": [
      "store",
      "variantitem"
    ],
    "object_id": "335",
    "object_repr": "Colorwwccvc",
    "action_flag": 3,
    "change_message": ""
  }
},
{
  "model": "admin.logentry",
  "pk": 107,
  "fields": {
    "action_time": "2024-09-14T17:43:01.905Z",
    "user": [
      "desphixs@gmail.com"
    ],
    "content_type": [
      "store",
      "variantitem"
    ],
    "object_id": "334",
    "object_repr": "Colorwwccvc",
    "action_flag": 3,
    "change_message": ""
  }
},
{
  "model": "admin.logentry",
  "pk": 108,
  "fields": {
    "action_time": "2024-09-14T17:43:01.915Z",
    "user": [
      "desphixs@gmail.com"
    ],
    "content_type": [
      "store",
      "variantitem"
    ],
    "object_id": "333",
    "object_repr": "Colorwwccvc",
    "action_flag": 3,
    "change_message": ""
  }
},
{
  "model": "admin.logentry",
  "pk": 109,
  "fields": {
    "action_time": "2024-09-14T17:43:01.925Z",
    "user": [
      "desphixs@gmail.com"
    ],
    "content_type": [
      "store",
      "variantitem"
    ],
    "object_id": "332",
    "object_repr": "Colorwwccvc",
    "action_flag": 3,
    "change_message": ""
  }
},
{
  "model": "admin.logentry",
  "pk": 110,
  "fields": {
    "action_time": "2024-09-14T17:47:46.533Z",
    "user": [
      "desphixs@gmail.com"
    ],
    "content_type": [
      "store",
      "variantitem"
    ],
    "object_id": "361",
    "object_repr": "ghffghfhfhfghfhfghfghfghfghf",
    "action_flag": 3,
    "change_message": ""
  }
},
{
  "model": "admin.logentry",
  "pk": 111,
  "fields": {
    "action_time": "2024-09-14T17:47:46.545Z",
    "user": [
      "desphixs@gmail.com"
    ],
    "content_type": [
      "store",
      "variantitem"
    ],
    "object_id": "360",
    "object_repr": "ghffghfhfhfghfhfghfghfghfghf",
    "action_flag": 3,
    "change_message": ""
  }
},
{
  "model": "admin.logentry",
  "pk": 112,
  "fields": {
    "action_time": "2024-09-14T17:47:46.557Z",
    "user": [
      "desphixs@gmail.com"
    ],
    "content_type": [
      "store",
      "variantitem"
    ],
    "object_id": "359",
    "object_repr": "ghffghfhfhfghfhfghfghfghfghf",
    "action_flag": 3,
    "change_message": ""
  }
},
{
  "model": "admin.logentry",
  "pk": 113,
  "fields": {
    "action_time": "2024-09-14T17:47:46.567Z",
    "user": [
      "desphixs@gmail.com"
    ],
    "content_type": [
      "store",
      "variantitem"
    ],
    "object_id": "358",
    "object_repr": "ghffghfhfhfghfhfghfghfghfghf",
    "action_flag": 3,
    "change_message": ""
  }
},
{
  "model": "admin.logentry",
  "pk": 114,
  "fields": {
    "action_time": "2024-09-14T17:47:46.577Z",
    "user": [
      "desphixs@gmail.com"
    ],
    "content_type": [
      "store",
      "variantitem"
    ],
    "object_id": "357",
    "object_repr": "Colorwwccvcfghfgh",
    "action_flag": 3,
    "change_message": ""
  }
},
{
  "model": "admin.logentry",
  "pk": 115,
  "fields": {
    "action_time": "2024-09-14T17:47:46.587Z",
    "user": [
      "desphixs@gmail.com"
    ],
    "content_type": [
      "store",
      "variantitem"
    ],
    "object_id": "356",
    "object_repr": "Colorwwccvcfghfgh",
    "action_flag": 3,
    "change_message": ""
  }
},
{
  "model": "admin.logentry",
  "pk": 116,
  "fields": {
    "action_time": "2024-09-14T17:47:46.598Z",
    "user": [
      "desphixs@gmail.com"
    ],
    "content_type": [
      "store",
      "variantitem"
    ],
    "object_id": "355",
    "object_repr": "Colorwwccvcfghfgh",
    "action_flag": 3,
    "change_message": ""
  }
},
{
  "model": "admin.logentry",
  "pk": 117,
  "fields": {
    "action_time": "2024-09-14T17:47:46.608Z",
    "user": [
      "desphixs@gmail.com"
    ],
    "content_type": [
      "store",
      "variantitem"
    ],
    "object_id": "354",
    "object_repr": "Colorwwccvcfghfgh",
    "action_flag": 3,
    "change_message": ""
  }
},
{
  "model": "admin.logentry",
  "pk": 118,
  "fields": {
    "action_time": "2024-09-14T17:55:38.875Z",
    "user": [
      "desphixs@gmail.com"
    ],
    "content_type": [
      "store",
      "product"
    ],
    "object_id": "1",
    "object_repr": "Apple Macbook Pro - M3 Chip - Space Grey",
    "action_flag": 2,
    "change_message": "[{\"deleted\": {\"name\": \"gallery\", \"object\": \"Apple Macbook Pro - M3 Chip - Space Grey - image\"}}, {\"deleted\": {\"name\": \"gallery\", \"object\": \"Apple Macbook Pro - M3 Chip - Space Grey - image\"}}, {\"deleted\": {\"name\": \"gallery\", \"object\": \"Apple Macbook Pro - M3 Chip - Space Grey - image\"}}, {\"deleted\": {\"name\": \"gallery\", \"object\": \"Apple Macbook Pro - M3 Chip - Space Grey - image\"}}, {\"deleted\": {\"name\": \"gallery\", \"object\": \"Apple Macbook Pro - M3 Chip - Space Grey - image\"}}, {\"deleted\": {\"name\": \"gallery\", \"object\": \"Apple Macbook Pro - M3 Chip - Space Grey - image\"}}, {\"deleted\": {\"name\": \"gallery\", \"object\": \"Apple Macbook Pro - M3 Chip - Space Grey - image\"}}, {\"deleted\": {\"name\": \"gallery\", \"object\": \"Apple Macbook Pro - M3 Chip - Space Grey - image\"}}]"
  }
},
{
  "model": "admin.logentry",
  "pk": 119,
  "fields": {
    "action_time": "2024-09-14T18:19:31.727Z",
    "user": [
      "desphixs@gmail.com"
    ],
    "content_type": [
      "store",
      "variant"
    ],
    "object_id": "83",
    "object_repr": "Size",
    "action_flag": 3,
    "change_message": ""
  }
},
{
  "model": "admin.logentry",
  "pk": 120,
  "fields": {
    "action_time": "2024-09-14T18:19:31.738Z",
    "user": [
      "desphixs@gmail.com"
    ],
    "content_type": [
      "store",
      "variant"
    ],
    "object_id": "82",
    "object_repr": "Color",
    "action_flag": 3,
    "change_message": ""
  }
},
{
  "model": "admin.logentry",
  "pk": 121,
  "fields": {
    "action_time": "2024-09-15T18:28:54.855Z",
    "user": [
      "desphixs@gmail.com"
    ],
    "content_type": [
      "store",
      "variant"
    ],
    "object_id": "107",
    "object_repr": "Specicat5ions",
    "action_flag": 3,
    "change_message": ""
  }
},
{
  "model": "admin.logentry",
  "pk": 122,
  "fields": {
    "action_time": "2024-09-15T18:28:54.869Z",
    "user": [
      "desphixs@gmail.com"
    ],
    "content_type": [
      "store",
      "variant"
    ],
    "object_id": "106",
    "object_repr": "Ut proident autem v",
    "action_flag": 3,
    "change_message": ""
  }
},
{
  "model": "admin.logentry",
  "pk": 123,
  "fields": {
    "action_time": "2024-09-15T18:28:54.882Z",
    "user": [
      "desphixs@gmail.com"
    ],
    "content_type": [
      "store",
      "variant"
    ],
    "object_id": "105",
    "object_repr": "Anim expedita lorem ",
    "action_flag": 3,
    "change_message": ""
  }
},
{
  "model": "admin.logentry",
  "pk": 124,
  "fields": {
    "action_time": "2024-09-15T18:28:54.895Z",
    "user": [
      "desphixs@gmail.com"
    ],
    "content_type": [
      "store",
      "variant"
    ],
    "object_id": "98",
    "object_repr": "Sizesdfsdfssdfsdfsdfsd",
    "action_flag": 3,
    "change_message": ""
  }
},
{
  "model": "admin.logentry",
  "pk": 125,
  "fields": {
    "action_time": "2024-09-15T18:28:54.906Z",
    "user": [
      "desphixs@gmail.com"
    ],
    "content_type": [
      "store",
      "variant"
    ],
    "object_id": "97",
    "object_repr": "Colorfsfsdfwer",
    "action_flag": 3,
    "change_message": ""
  }
},
{
  "model": "admin.logentry",
  "pk": 126,
  "fields": {
    "action_time": "2024-09-15T19:31:38.343Z",
    "user": [
      "desphixs@gmail.com"
    ],
    "content_type": [
      "store",
      "variant"
    ],
    "object_id": "110",
    "object_repr": "Specicat5ions",
    "action_flag": 3,
    "change_message": ""
  }
},
{
  "model": "admin.logentry",
  "pk": 127,
  "fields": {
    "action_time": "2024-09-15T19:31:38.354Z",
    "user": [
      "desphixs@gmail.com"
    ],
    "content_type": [
      "store",
      "variant"
    ],
    "object_id": "109",
    "object_repr": "Size",
    "action_flag": 3,
    "change_message": ""
  }
},
{
  "model": "admin.logentry",
  "pk": 128,
  "fields": {
    "action_time": "2024-09-15T19:31:38.366Z",
    "user": [
      "desphixs@gmail.com"
    ],
    "content_type": [
      "store",
      "variant"
    ],
    "object_id": "108",
    "object_repr": "Color",
    "action_flag": 3,
    "change_message": ""
  }
},
{
  "model": "admin.logentry",
  "pk": 129,
  "fields": {
    "action_time": "2024-09-15T20:22:50.407Z",
    "user": [
      "desphixs@gmail.com"
    ],
    "content_type": [
      "store",
      "variant"
    ],
    "object_id": "112",
    "object_repr": "Size",
    "action_flag": 3,
    "change_message": ""
  }
},
{
  "model": "admin.logentry",
  "pk": 130,
  "fields": {
    "action_time": "2024-09-15T20:22:50.418Z",
    "user": [
      "desphixs@gmail.com"
    ],
    "content_type": [
      "store",
      "variant"
    ],
    "object_id": "111",
    "object_repr": "Color",
    "action_flag": 3,
    "change_message": ""
  }
},
{
  "model": "admin.logentry",
  "pk": 131,
  "fields": {
    "action_time": "2024-09-15T20:45:06.563Z",
    "user": [
      "desphixs@gmail.com"
    ],
    "content_type": [
      "store",
      "variant"
    ],
    "object_id": "114",
    "object_repr": "Size",
    "action_flag": 3,
    "change_message": ""
  }
},
{
  "model": "admin.logentry",
  "pk": 132,
  "fields": {
    "action_time": "2024-09-15T20:45:06.573Z",
    "user": [
      "desphixs@gmail.com"
    ],
    "content_type": [
      "store",
      "variant"
    ],
    "object_id": "113",
    "object_repr": "Color",
    "action_flag": 3,
    "change_message": ""
  }
},
{
  "model": "admin.logentry",
  "pk": 133,
  "fields": {
    "action_time": "2024-09-16T18:58:47.144Z",
    "user": [
      "desphixs@gmail.com"
    ],
    "content_type": [
      "customer",
      "wishlist"
    ],
    "object_id": "9",
    "object_repr": "Neon Light",
    "action_flag": 3,
    "change_message": ""
  }
},
{
  "model": "admin.logentry",
  "pk": 134,
  "fields": {
    "action_time": "2024-09-16T18:58:47.155Z",
    "user": [
      "desphixs@gmail.com"
    ],
    "content_type": [
      "customer",
      "wishlist"
    ],
    "object_id": "8",
    "object_repr": "Neon Light",
    "action_flag": 3,
    "change_message": ""
  }
},
{
  "model": "admin.logentry",
  "pk": 135,
  "fields": {
    "action_time": "2024-09-16T18:58:47.166Z",
    "user": [
      "desphixs@gmail.com"
    ],
    "content_type": [
      "customer",
      "wishlist"
    ],
    "object_id": "7",
    "object_repr": "Iphone 13 Pro max",
    "action_flag": 3,
    "change_message": ""
  }
},
{
  "model": "admin.logentry",
  "pk": 136,
  "fields": {
    "action_time": "2024-09-16T18:58:47.177Z",
    "user": [
      "desphixs@gmail.com"
    ],
    "content_type": [
      "customer",
      "wishlist"
    ],
    "object_id": "6",
    "object_repr": "Neon Light",
    "action_flag": 3,
    "change_message": ""
  }
},
{
  "model": "admin.logentry",
  "pk": 137,
  "fields": {
    "action_time": "2024-09-16T18:58:47.188Z",
    "user": [
      "desphixs@gmail.com"
    ],
    "content_type": [
      "customer",
      "wishlist"
    ],
    "object_id": "5",
    "object_repr": "XBox Game Controller | White",
    "action_flag": 3,
    "change_message": ""
  }
},
{
  "model": "admin.logentry",
  "pk": 138,
  "fields": {
    "action_time": "2024-09-16T18:58:47.198Z",
    "user": [
      "desphixs@gmail.com"
    ],
    "content_type": [
      "customer",
      "wishlist"
    ],
    "object_id": "4",
    "object_repr": "Iphone 13 Pro max",
    "action_flag": 3,
    "change_message": ""
  }
},
{
  "model": "admin.logentry",
  "pk": 139,
  "fields": {
    "action_time": "2024-09-16T18:58:47.209Z",
    "user": [
      "desphixs@gmail.com"
    ],
    "content_type": [
      "customer",
      "wishlist"
    ],
    "object_id": "3",
    "object_repr": "Apple Macbook Pro - M3 Chip - Space Grey",
    "action_flag": 3,
    "change_message": ""
  }
},
{
  "model": "admin.logentry",
  "pk": 140,
  "fields": {
    "action_time": "2024-09-16T23:13:49.460Z",
    "user": [
      "desphixs@gmail.com"
    ],
    "content_type": [
      "blog",
      "category"
    ],
    "object_id": "1",
    "object_repr": "Tech",
    "action_flag": 1,
    "change_message": "[{\"added\": {}}]"
  }
},
{
  "model": "admin.logentry",
  "pk": 141,
  "fields": {
    "action_time": "2024-09-16T23:13:57.719Z",
    "user": [
      "desphixs@gmail.com"
    ],
    "content_type": [
      "blog",
      "category"
    ],
    "object_id": "2",
    "object_repr": "Finance",
    "action_flag": 1,
    "change_message": "[{\"added\": {}}]"
  }
},
{
  "model": "admin.logentry",
  "pk": 142,
  "fields": {
    "action_time": "2024-09-16T23:14:05.253Z",
    "user": [
      "desphixs@gmail.com"
    ],
    "content_type": [
      "blog",
      "category"
    ],
    "object_id": "3",
    "object_repr": "Business",
    "action_flag": 1,
    "change_message": "[{\"added\": {}}]"
  }
},
{
  "model": "admin.logentry",
  "pk": 143,
  "fields": {
    "action_time": "2024-09-16T23:14:10.643Z",
    "user": [
      "desphixs@gmail.com"
    ],
    "content_type": [
      "blog",
      "category"
    ],
    "object_id": "4",
    "object_repr": "Ecommerce",
    "action_flag": 1,
    "change_message": "[{\"added\": {}}]"
  }
},
{
  "model": "admin.logentry",
  "pk": 144,
  "fields": {
    "action_time": "2024-09-16T23:18:56.837Z",
    "user": [
      "desphixs@gmail.com"
    ],
    "content_type": [
      "blog",
      "blog"
    ],
    "object_id": "1",
    "object_repr": "Blog object (1)",
    "action_flag": 1,
    "change_message": "[{\"added\": {}}]"
  }
},
{
  "model": "admin.logentry",
  "pk": 145,
  "fields": {
    "action_time": "2024-09-16T23:19:10.789Z",
    "user": [
      "desphixs@gmail.com"
    ],
    "content_type": [
      "blog",
      "blog"
    ],
    "object_id": "1",
    "object_repr": "asdfsdf",
    "action_flag": 2,
    "change_message": "[]"
  }
},
{
  "model": "admin.logentry",
  "pk": 146,
  "fields": {
    "action_time": "2024-09-16T23:19:16.167Z",
    "user": [
      "desphixs@gmail.com"
    ],
    "content_type": [
      "blog",
      "blog"
    ],
    "object_id": "1",
    "object_repr": "asdfsdf",
    "action_flag": 2,
    "change_message": "[{\"changed\": {\"fields\": [\"Image\"]}}]"
  }
},
{
  "model": "admin.logentry",
  "pk": 147,
  "fields": {
    "action_time": "2024-09-17T13:48:50.095Z",
    "user": [
      "desphixs@gmail.com"
    ],
    "content_type": [
      "blog",
      "blog"
    ],
    "object_id": "1",
    "object_repr": "asdfsdf",
    "action_flag": 3,
    "change_message": ""
  }
},
{
  "model": "admin.logentry",
  "pk": 148,
  "fields": {
    "action_time": "2024-09-17T13:55:23.188Z",
    "user": [
      "desphixs@gmail.com"
    ],
    "content_type": [
      "blog",
      "blog"
    ],
    "object_id": "None",
    "object_repr": "Writing GUI apps for Windows is painful",
    "action_flag": 1,
    "change_message": "[{\"added\": {}}]"
  }
},
{
  "model": "admin.logentry",
  "pk": 149,
  "fields": {
    "action_time": "2024-09-17T13:57:12.375Z",
    "user": [
      "desphixs@gmail.com"
    ],
    "content_type": [
      "blog",
      "blog"
    ],
    "object_id": "None",
    "object_repr": "I've Built My First Successful Side Project, and I Hate It",
    "action_flag": 1,
    "change_message": "[{\"added\": {}}]"
  }
},
{
  "model": "admin.logentry",
  "pk": 150,
  "fields": {
    "action_time": "2024-09-17T13:57:38.104Z",
    "user": [
      "desphixs@gmail.com"
    ],
    "content_type": [
      "blog",
      "blog"
    ],
    "object_id": "None",
    "object_repr": "Necessitatibus error ipsa quia voluptatibus vel aut voluptatem laborum sed aut sequi non",
    "action_flag": 1,
    "change_message": "[{\"added\": {}}]"
  }
},
{
  "model": "admin.logentry",
  "pk": 151,
  "fields": {
    "action_time": "2024-09-17T14:02:27.773Z",
    "user": [
      "desphixs@gmail.com"
    ],
    "content_type": [
      "blog",
      "blog"
    ],
    "object_id": "None",
    "object_repr": "I've Built My First Successful Side Project, and I Hate It",
    "action_flag": 1,
    "change_message": "[{\"added\": {}}]"
  }
},
{
  "model": "admin.logentry",
  "pk": 152,
  "fields": {
    "action_time": "2024-09-17T14:02:53.567Z",
    "user": [
      "desphixs@gmail.com"
    ],
    "content_type": [
      "blog",
      "category"
    ],
    "object_id": "5",
    "object_repr": "Health",
    "action_flag": 1,
    "change_message": "[{\"added\": {}}]"
  }
},
{
  "model": "admin.logentry",
  "pk": 153,
  "fields": {
    "action_time": "2024-09-17T14:03:25.971Z",
    "user": [
      "desphixs@gmail.com"
    ],
    "content_type": [
      "blog",
      "blog"
    ],
    "object_id": "None",
    "object_repr": "fsdfs",
    "action_flag": 1,
    "change_message": "[{\"added\": {}}]"
  }
},
{
  "model": "admin.logentry",
  "pk": 154,
  "fields": {
    "action_time": "2024-09-17T14:10:11.673Z",
    "user": [
      "desphixs@gmail.com"
    ],
    "content_type": [
      "blog",
      "blog"
    ],
    "object_id": "1",
    "object_repr": "I've Built My First Successful Side Project, and I Hate It",
    "action_flag": 1,
    "change_message": "[{\"added\": {}}]"
  }
},
{
  "model": "admin.logentry",
  "pk": 155,
  "fields": {
    "action_time": "2024-09-17T14:11:41.295Z",
    "user": [
      "desphixs@gmail.com"
    ],
    "content_type": [
      "blog",
      "blog"
    ],
    "object_id": "2",
    "object_repr": "Best Rust books for 2024 — Bitfield Consulting",
    "action_flag": 1,
    "change_message": "[{\"added\": {}}]"
  }
},
{
  "model": "admin.logentry",
  "pk": 156,
  "fields": {
    "action_time": "2024-09-17T14:18:54.445Z",
    "user": [
      "desphixs@gmail.com"
    ],
    "content_type": [
      "blog",
      "comment"
    ],
    "object_id": "1",
    "object_repr": "Comment by Jerome Clayton on I've Built My First Successful Side Project, and I Hate It",
    "action_flag": 1,
    "change_message": "[{\"added\": {}}]"
  }
},
{
  "model": "admin.logentry",
  "pk": 157,
  "fields": {
    "action_time": "2024-09-17T14:54:13.415Z",
    "user": [
      "desphixs@gmail.com"
    ],
    "content_type": [
      "blog",
      "blog"
    ],
    "object_id": "1",
    "object_repr": "I've Built My First Successful Side Project, and I Hate It",
    "action_flag": 2,
    "change_message": "[]"
  }
},
{
  "model": "admin.logentry",
  "pk": 158,
  "fields": {
    "action_time": "2024-09-17T14:59:36.725Z",
    "user": [
      "desphixs@gmail.com"
    ],
    "content_type": [
      "blog",
      "comment"
    ],
    "object_id": "3",
    "object_repr": "Comment by Jenny Adga on I've Built My First Successful Side Project, and I Hate It",
    "action_flag": 2,
    "change_message": "[{\"changed\": {\"fields\": [\"Approved\"]}}]"
  }
},
{
  "model": "admin.logentry",
  "pk": 159,
  "fields": {
    "action_time": "2024-09-17T14:59:40.214Z",
    "user": [
      "desphixs@gmail.com"
    ],
    "content_type": [
      "blog",
      "comment"
    ],
    "object_id": "2",
    "object_repr": "Comment by Destiny Franks on I've Built My First Successful Side Project, and I Hate It",
    "action_flag": 2,
    "change_message": "[{\"changed\": {\"fields\": [\"Approved\"]}}]"
  }
},
{
  "model": "admin.logentry",
  "pk": 160,
  "fields": {
    "action_time": "2024-09-17T18:06:22.708Z",
    "user": [
      "desphixs@gmail.com"
    ],
    "content_type": [
      "userauths",
      "user"
    ],
    "object_id": "1",
    "object_repr": "desphixs@gmail.com",
    "action_flag": 2,
    "change_message": "[{\"changed\": {\"fields\": [\"Email\"]}}]"
  }
},
{
  "model": "admin.logentry",
  "pk": 161,
  "fields": {
    "action_time": "2024-09-17T18:25:55.792Z",
    "user": [
      "desphixs@gmail.com"
    ],
    "content_type": [
      "store",
      "order"
    ],
    "object_id": "13",
    "object_repr": "118003",
    "action_flag": 2,
    "change_message": "[{\"changed\": {\"fields\": [\"Payment status\"]}}]"
  }
},
{
  "model": "admin.logentry",
  "pk": 162,
  "fields": {
    "action_time": "2024-09-18T15:14:31.007Z",
    "user": [
      "desphixs@gmail.com"
    ],
    "content_type": [
      "store",
      "product"
    ],
    "object_id": "2",
    "object_repr": "Iphone 13 Pro max",
    "action_flag": 2,
    "change_message": "[{\"changed\": {\"fields\": [\"Sale Price\", \"Regular Price\"]}}]"
  }
},
{
  "model": "admin.logentry",
  "pk": 163,
  "fields": {
    "action_time": "2024-09-18T15:21:25.374Z",
    "user": [
      "desphixs@gmail.com"
    ],
    "content_type": [
      "store",
      "order"
    ],
    "object_id": "17",
    "object_repr": "262332",
    "action_flag": 2,
    "change_message": "[{\"changed\": {\"fields\": [\"Payment status\"]}}]"
  }
},
{
  "model": "admin.logentry",
  "pk": 164,
  "fields": {
    "action_time": "2024-09-18T16:46:33.329Z",
    "user": [
      "desphixs@gmail.com"
    ],
    "content_type": [
      "store",
      "product"
    ],
    "object_id": "2",
    "object_repr": "Iphone 13 Pro max",
    "action_flag": 2,
    "change_message": "[{\"changed\": {\"fields\": [\"Sale Price\"]}}]"
  }
},
{
  "model": "admin.logentry",
  "pk": 165,
  "fields": {
    "action_time": "2024-09-18T16:50:29.081Z",
    "user": [
      "desphixs@gmail.com"
    ],
    "content_type": [
      "store",
      "product"
    ],
    "object_id": "2",
    "object_repr": "Iphone 13 Pro max",
    "action_flag": 2,
    "change_message": "[{\"changed\": {\"fields\": [\"Shipping Amount\"]}}]"
  }
},
{
  "model": "admin.logentry",
  "pk": 166,
  "fields": {
    "action_time": "2024-09-18T17:44:46.377Z",
    "user": [
      "desphixs@gmail.com"
    ],
    "content_type": [
      "store",
      "orderitem"
    ],
    "object_id": "15",
    "object_repr": "775079",
    "action_flag": 2,
    "change_message": "[{\"changed\": {\"fields\": [\"Vendor\"]}}]"
  }
},
{
  "model": "admin.logentry",
  "pk": 167,
  "fields": {
    "action_time": "2024-09-18T17:47:12.180Z",
    "user": [
      "desphixs@gmail.com"
    ],
    "content_type": [
      "store",
      "orderitem"
    ],
    "object_id": "36",
    "object_repr": "586353",
    "action_flag": 2,
    "change_message": "[{\"changed\": {\"fields\": [\"Vendor\"]}}]"
  }
},
{
  "model": "admin.logentry",
  "pk": 168,
  "fields": {
    "action_time": "2024-09-18T17:53:20.324Z",
    "user": [
      "desphixs@gmail.com"
    ],
    "content_type": [
      "store",
      "orderitem"
    ],
    "object_id": "28",
    "object_repr": "106500",
    "action_flag": 2,
    "change_message": "[{\"changed\": {\"fields\": [\"Vendor\"]}}]"
  }
},
{
  "model": "admin.logentry",
  "pk": 169,
  "fields": {
    "action_time": "2024-09-18T17:55:51.933Z",
    "user": [
      "desphixs@gmail.com"
    ],
    "content_type": [
      "store",
      "product"
    ],
    "object_id": "1",
    "object_repr": "Apple Macbook Pro - M3 Chip - Space Grey",
    "action_flag": 2,
    "change_message": "[{\"changed\": {\"fields\": [\"Vendor\"]}}]"
  }
},
{
  "model": "admin.logentry",
  "pk": 170,
  "fields": {
    "action_time": "2024-09-18T17:55:53.283Z",
    "user": [
      "desphixs@gmail.com"
    ],
    "content_type": [
      "store",
      "orderitem"
    ],
    "object_id": "28",
    "object_repr": "106500",
    "action_flag": 2,
    "change_message": "[]"
  }
},
{
  "model": "admin.logentry",
  "pk": 171,
  "fields": {
    "action_time": "2024-09-18T21:37:27.264Z",
    "user": [
      "desphixs@gmail.com"
    ],
    "content_type": [
      "store",
      "orderitem"
    ],
    "object_id": "28",
    "object_repr": "106500",
    "action_flag": 2,
    "change_message": "[{\"changed\": {\"fields\": [\"Order status\"]}}]"
  }
},
{
  "model": "admin.logentry",
  "pk": 172,
  "fields": {
    "action_time": "2024-09-18T22:10:30.192Z",
    "user": [
      "desphixs@gmail.com"
    ],
    "content_type": [
      "store",
      "orderitem"
    ],
    "object_id": "24",
    "object_repr": "187323",
    "action_flag": 2,
    "change_message": "[{\"changed\": {\"fields\": [\"Order status\", \"Shipping service\", \"Tracking id\"]}}]"
  }
},
{
  "model": "admin.logentry",
  "pk": 173,
  "fields": {
    "action_time": "2024-09-18T23:24:21.762Z",
    "user": [
      "desphixs@gmail.com"
    ],
    "content_type": [
      "store",
      "order"
    ],
    "object_id": "22",
    "object_repr": "950742",
    "action_flag": 3,
    "change_message": ""
  }
},
{
  "model": "admin.logentry",
  "pk": 174,
  "fields": {
    "action_time": "2024-09-18T23:24:21.773Z",
    "user": [
      "desphixs@gmail.com"
    ],
    "content_type": [
      "store",
      "order"
    ],
    "object_id": "21",
    "object_repr": "464290",
    "action_flag": 3,
    "change_message": ""
  }
},
{
  "model": "admin.logentry",
  "pk": 175,
  "fields": {
    "action_time": "2024-09-18T23:24:21.783Z",
    "user": [
      "desphixs@gmail.com"
    ],
    "content_type": [
      "store",
      "order"
    ],
    "object_id": "20",
    "object_repr": "573729",
    "action_flag": 3,
    "change_message": ""
  }
},
{
  "model": "admin.logentry",
  "pk": 176,
  "fields": {
    "action_time": "2024-09-18T23:24:21.793Z",
    "user": [
      "desphixs@gmail.com"
    ],
    "content_type": [
      "store",
      "order"
    ],
    "object_id": "19",
    "object_repr": "182744",
    "action_flag": 3,
    "change_message": ""
  }
},
{
  "model": "admin.logentry",
  "pk": 177,
  "fields": {
    "action_time": "2024-09-18T23:24:21.803Z",
    "user": [
      "desphixs@gmail.com"
    ],
    "content_type": [
      "store",
      "order"
    ],
    "object_id": "18",
    "object_repr": "567740",
    "action_flag": 3,
    "change_message": ""
  }
},
{
  "model": "admin.logentry",
  "pk": 178,
  "fields": {
    "action_time": "2024-09-18T23:24:21.813Z",
    "user": [
      "desphixs@gmail.com"
    ],
    "content_type": [
      "store",
      "order"
    ],
    "object_id": "17",
    "object_repr": "262332",
    "action_flag": 3,
    "change_message": ""
  }
},
{
  "model": "admin.logentry",
  "pk": 179,
  "fields": {
    "action_time": "2024-09-18T23:24:21.824Z",
    "user": [
      "desphixs@gmail.com"
    ],
    "content_type": [
      "store",
      "order"
    ],
    "object_id": "16",
    "object_repr": "250165",
    "action_flag": 3,
    "change_message": ""
  }
},
{
  "model": "admin.logentry",
  "pk": 180,
  "fields": {
    "action_time": "2024-09-18T23:24:21.833Z",
    "user": [
      "desphixs@gmail.com"
    ],
    "content_type": [
      "store",
      "order"
    ],
    "object_id": "15",
    "object_repr": "445500",
    "action_flag": 3,
    "change_message": ""
  }
},
{
  "model": "admin.logentry",
  "pk": 181,
  "fields": {
    "action_time": "2024-09-18T23:24:21.843Z",
    "user": [
      "desphixs@gmail.com"
    ],
    "content_type": [
      "store",
      "order"
    ],
    "object_id": "14",
    "object_repr": "177999",
    "action_flag": 3,
    "change_message": ""
  }
},
{
  "model": "admin.logentry",
  "pk": 182,
  "fields": {
    "action_time": "2024-09-18T23:24:21.853Z",
    "user": [
      "desphixs@gmail.com"
    ],
    "content_type": [
      "store",
      "order"
    ],
    "object_id": "13",
    "object_repr": "118003",
    "action_flag": 3,
    "change_message": ""
  }
},
{
  "model": "admin.logentry",
  "pk": 183,
  "fields": {
    "action_time": "2024-09-18T23:24:21.863Z",
    "user": [
      "desphixs@gmail.com"
    ],
    "content_type": [
      "store",
      "order"
    ],
    "object_id": "12",
    "object_repr": "237047",
    "action_flag": 3,
    "change_message": ""
  }
},
{
  "model": "admin.logentry",
  "pk": 184,
  "fields": {
    "action_time": "2024-09-18T23:24:21.872Z",
    "user": [
      "desphixs@gmail.com"
    ],
    "content_type": [
      "store",
      "order"
    ],
    "object_id": "11",
    "object_repr": "167654",
    "action_flag": 3,
    "change_message": ""
  }
},
{
  "model": "admin.logentry",
  "pk": 185,
  "fields": {
    "action_time": "2024-09-18T23:24:21.883Z",
    "user": [
      "desphixs@gmail.com"
    ],
    "content_type": [
      "store",
      "order"
    ],
    "object_id": "10",
    "object_repr": "226573",
    "action_flag": 3,
    "change_message": ""
  }
},
{
  "model": "admin.logentry",
  "pk": 186,
  "fields": {
    "action_time": "2024-09-18T23:24:21.892Z",
    "user": [
      "desphixs@gmail.com"
    ],
    "content_type": [
      "store",
      "order"
    ],
    "object_id": "9",
    "object_repr": "661072",
    "action_flag": 3,
    "change_message": ""
  }
},
{
  "model": "admin.logentry",
  "pk": 187,
  "fields": {
    "action_time": "2024-09-18T23:24:21.902Z",
    "user": [
      "desphixs@gmail.com"
    ],
    "content_type": [
      "store",
      "order"
    ],
    "object_id": "8",
    "object_repr": "747685",
    "action_flag": 3,
    "change_message": ""
  }
},
{
  "model": "admin.logentry",
  "pk": 188,
  "fields": {
    "action_time": "2024-09-19T00:59:29.931Z",
    "user": [
      "desphixs@gmail.com"
    ],
    "content_type": [
      "store",
      "order"
    ],
    "object_id": "24",
    "object_repr": "124037",
    "action_flag": 3,
    "change_message": ""
  }
},
{
  "model": "admin.logentry",
  "pk": 189,
  "fields": {
    "action_time": "2024-09-19T00:59:29.942Z",
    "user": [
      "desphixs@gmail.com"
    ],
    "content_type": [
      "store",
      "order"
    ],
    "object_id": "23",
    "object_repr": "239708",
    "action_flag": 3,
    "change_message": ""
  }
},
{
  "model": "admin.logentry",
  "pk": 190,
  "fields": {
    "action_time": "2024-09-19T00:59:42.009Z",
    "user": [
      "desphixs@gmail.com"
    ],
    "content_type": [
      "store",
      "review"
    ],
    "object_id": "6",
    "object_repr": "qywu review on Apple Macbook Pro - M3 Chip - Space Grey",
    "action_flag": 3,
    "change_message": ""
  }
},
{
  "model": "admin.logentry",
  "pk": 191,
  "fields": {
    "action_time": "2024-09-19T00:59:42.020Z",
    "user": [
      "desphixs@gmail.com"
    ],
    "content_type": [
      "store",
      "review"
    ],
    "object_id": "5",
    "object_repr": "coleqin review on Iphone 13 Pro max",
    "action_flag": 3,
    "change_message": ""
  }
},
{
  "model": "admin.logentry",
  "pk": 192,
  "fields": {
    "action_time": "2024-09-19T00:59:42.032Z",
    "user": [
      "desphixs@gmail.com"
    ],
    "content_type": [
      "store",
      "review"
    ],
    "object_id": "4",
    "object_repr": "qywu review on Iphone 13 Pro max",
    "action_flag": 3,
    "change_message": ""
  }
},
{
  "model": "admin.logentry",
  "pk": 193,
  "fields": {
    "action_time": "2024-09-19T00:59:42.042Z",
    "user": [
      "desphixs@gmail.com"
    ],
    "content_type": [
      "store",
      "review"
    ],
    "object_id": "3",
    "object_repr": "coleqin review on Iphone 13 Pro max",
    "action_flag": 3,
    "change_message": ""
  }
},
{
  "model": "admin.logentry",
  "pk": 194,
  "fields": {
    "action_time": "2024-09-19T00:59:42.053Z",
    "user": [
      "desphixs@gmail.com"
    ],
    "content_type": [
      "store",
      "review"
    ],
    "object_id": "2",
    "object_repr": "filiruku review on Apple Macbook Pro - M3 Chip - Space Grey",
    "action_flag": 3,
    "change_message": ""
  }
},
{
  "model": "admin.logentry",
  "pk": 195,
  "fields": {
    "action_time": "2024-09-19T00:59:42.064Z",
    "user": [
      "desphixs@gmail.com"
    ],
    "content_type": [
      "store",
      "review"
    ],
    "object_id": "1",
    "object_repr": "destiny review on Apple Macbook Pro - M3 Chip - Space Grey",
    "action_flag": 3,
    "change_message": ""
  }
},
{
  "model": "admin.logentry",
  "pk": 196,
  "fields": {
    "action_time": "2024-09-19T00:59:48.151Z",
    "user": [
      "desphixs@gmail.com"
    ],
    "content_type": [
      "store",
      "cart"
    ],
    "object_id": "30",
    "object_repr": "3049008184 - Iphone 13 Pro max",
    "action_flag": 3,
    "change_message": ""
  }
},
{
  "model": "admin.logentry",
  "pk": 197,
  "fields": {
    "action_time": "2024-09-19T00:59:48.161Z",
    "user": [
      "desphixs@gmail.com"
    ],
    "content_type": [
      "store",
      "cart"
    ],
    "object_id": "24",
    "object_repr": "8610275693 - Iphone 13 Pro max",
    "action_flag": 3,
    "change_message": ""
  }
},
{
  "model": "admin.logentry",
  "pk": 198,
  "fields": {
    "action_time": "2024-09-19T00:59:53.445Z",
    "user": [
      "desphixs@gmail.com"
    ],
    "content_type": [
      "store",
      "product"
    ],
    "object_id": "4",
    "object_repr": "XBox Game Controller | White",
    "action_flag": 3,
    "change_message": ""
  }
},
{
  "model": "admin.logentry",
  "pk": 199,
  "fields": {
    "action_time": "2024-09-19T00:59:53.455Z",
    "user": [
      "desphixs@gmail.com"
    ],
    "content_type": [
      "store",
      "product"
    ],
    "object_id": "3",
    "object_repr": "Neon Light",
    "action_flag": 3,
    "change_message": ""
  }
},
{
  "model": "admin.logentry",
  "pk": 200,
  "fields": {
    "action_time": "2024-09-19T00:59:53.465Z",
    "user": [
      "desphixs@gmail.com"
    ],
    "content_type": [
      "store",
      "product"
    ],
    "object_id": "2",
    "object_repr": "Iphone 13 Pro max",
    "action_flag": 3,
    "change_message": ""
  }
},
{
  "model": "admin.logentry",
  "pk": 201,
  "fields": {
    "action_time": "2024-09-19T00:59:53.474Z",
    "user": [
      "desphixs@gmail.com"
    ],
    "content_type": [
      "store",
      "product"
    ],
    "object_id": "1",
    "object_repr": "Apple Macbook Pro - M3 Chip - Space Grey",
    "action_flag": 3,
    "change_message": ""
  }
},
{
  "model": "admin.logentry",
  "pk": 202,
  "fields": {
    "action_time": "2024-09-19T01:00:17.421Z",
    "user": [
      "desphixs@gmail.com"
    ],
    "content_type": [
      "customer",
      "notifications"
    ],
    "object_id": "5",
    "object_repr": "New Order",
    "action_flag": 3,
    "change_message": ""
  }
},
{
  "model": "admin.logentry",
  "pk": 203,
  "fields": {
    "action_time": "2024-09-19T01:00:17.431Z",
    "user": [
      "desphixs@gmail.com"
    ],
    "content_type": [
      "customer",
      "notifications"
    ],
    "object_id": "4",
    "object_repr": "New Order",
    "action_flag": 3,
    "change_message": ""
  }
},
{
  "model": "admin.logentry",
  "pk": 204,
  "fields": {
    "action_time": "2024-09-19T01:00:17.442Z",
    "user": [
      "desphixs@gmail.com"
    ],
    "content_type": [
      "customer",
      "notifications"
    ],
    "object_id": "3",
    "object_repr": "New Order",
    "action_flag": 3,
    "change_message": ""
  }
},
{
  "model": "admin.logentry",
  "pk": 205,
  "fields": {
    "action_time": "2024-09-19T01:00:17.452Z",
    "user": [
      "desphixs@gmail.com"
    ],
    "content_type": [
      "customer",
      "notifications"
    ],
    "object_id": "2",
    "object_repr": "New Order",
    "action_flag": 3,
    "change_message": ""
  }
},
{
  "model": "admin.logentry",
  "pk": 206,
  "fields": {
    "action_time": "2024-09-19T01:00:17.461Z",
    "user": [
      "desphixs@gmail.com"
    ],
    "content_type": [
      "customer",
      "notifications"
    ],
    "object_id": "1",
    "object_repr": "New Order",
    "action_flag": 3,
    "change_message": ""
  }
},
{
  "model": "admin.logentry",
  "pk": 207,
  "fields": {
    "action_time": "2024-09-20T13:38:47.215Z",
    "user": [
      "desphixs@gmail.com"
    ],
    "content_type": [
      "store",
      "category"
    ],
    "object_id": "3",
    "object_repr": "Mobile",
    "action_flag": 1,
    "change_message": "[{\"added\": {}}]"
  }
},
{
  "model": "admin.logentry",
  "pk": 208,
  "fields": {
    "action_time": "2024-09-20T13:38:52.005Z",
    "user": [
      "desphixs@gmail.com"
    ],
    "content_type": [
      "store",
      "category"
    ],
    "object_id": "4",
    "object_repr": "Computers",
    "action_flag": 1,
    "change_message": "[{\"added\": {}}]"
  }
},
{
  "model": "admin.logentry",
  "pk": 209,
  "fields": {
    "action_time": "2024-09-20T13:39:05.825Z",
    "user": [
      "desphixs@gmail.com"
    ],
    "content_type": [
      "store",
      "category"
    ],
    "object_id": "5",
    "object_repr": "Camera",
    "action_flag": 1,
    "change_message": "[{\"added\": {}}]"
  }
},
{
  "model": "admin.logentry",
  "pk": 210,
  "fields": {
    "action_time": "2024-09-20T13:39:15.143Z",
    "user": [
      "desphixs@gmail.com"
    ],
    "content_type": [
      "store",
      "category"
    ],
    "object_id": "6",
    "object_repr": "Tablets",
    "action_flag": 1,
    "change_message": "[{\"added\": {}}]"
  }
},
{
  "model": "admin.logentry",
  "pk": 211,
  "fields": {
    "action_time": "2024-09-20T14:32:36.624Z",
    "user": [
      "desphixs@gmail.com"
    ],
    "content_type": [
      "store",
      "review"
    ],
    "object_id": "7",
    "object_repr": "destiny review on JBL EXTREME 3 SPEAKER",
    "action_flag": 1,
    "change_message": "[{\"added\": {}}]"
  }
},
{
  "model": "admin.logentry",
  "pk": 212,
  "fields": {
    "action_time": "2024-09-20T14:33:20.282Z",
    "user": [
      "desphixs@gmail.com"
    ],
    "content_type": [
      "store",
      "review"
    ],
    "object_id": "8",
    "object_repr": "filiruku review on MacBook Pro 16-inch | Apple M3 Max",
    "action_flag": 1,
    "change_message": "[{\"added\": {}}]"
  }
},
{
  "model": "admin.logentry",
  "pk": 213,
  "fields": {
    "action_time": "2024-09-20T14:33:36.100Z",
    "user": [
      "desphixs@gmail.com"
    ],
    "content_type": [
      "store",
      "review"
    ],
    "object_id": "9",
    "object_repr": "qixahu review on Beats Studio Buds",
    "action_flag": 1,
    "change_message": "[{\"added\": {}}]"
  }
},
{
  "model": "admin.logentry",
  "pk": 214,
  "fields": {
    "action_time": "2024-09-20T14:33:39.681Z",
    "user": [
      "desphixs@gmail.com"
    ],
    "content_type": [
      "store",
      "review"
    ],
    "object_id": "10",
    "object_repr": "qixahu review on Omega Deville Watch Pro",
    "action_flag": 1,
    "change_message": "[{\"added\": {}}]"
  }
},
{
  "model": "admin.logentry",
  "pk": 215,
  "fields": {
    "action_time": "2024-09-20T14:33:43.700Z",
    "user": [
      "desphixs@gmail.com"
    ],
    "content_type": [
      "store",
      "review"
    ],
    "object_id": "11",
    "object_repr": "qywu review on Samsung Galaxy A33 ",
    "action_flag": 1,
    "change_message": "[{\"added\": {}}]"
  }
},
{
  "model": "admin.logentry",
  "pk": 216,
  "fields": {
    "action_time": "2024-09-20T14:33:52.692Z",
    "user": [
      "desphixs@gmail.com"
    ],
    "content_type": [
      "store",
      "review"
    ],
    "object_id": "12",
    "object_repr": "quny review on Samsung Galaxy A33 ",
    "action_flag": 1,
    "change_message": "[{\"added\": {}}]"
  }
},
{
  "model": "admin.logentry",
  "pk": 217,
  "fields": {
    "action_time": "2024-09-20T14:34:41.735Z",
    "user": [
      "desphixs@gmail.com"
    ],
    "content_type": [
      "store",
      "review"
    ],
    "object_id": "13",
    "object_repr": "qixahu review on Logitech Mevo Speaker",
    "action_flag": 1,
    "change_message": "[{\"added\": {}}]"
  }
},
{
  "model": "admin.logentry",
  "pk": 218,
  "fields": {
    "action_time": "2024-09-20T15:12:51.601Z",
    "user": [
      "desphixs@gmail.com"
    ],
    "content_type": [
      "store",
      "order"
    ],
    "object_id": "29",
    "object_repr": "741682",
    "action_flag": 2,
    "change_message": "[{\"changed\": {\"fields\": [\"Payment status\", \"Payment method\"]}}]"
  }
},
{
  "model": "admin.logentry",
  "pk": 219,
  "fields": {
    "action_time": "2024-09-20T15:12:51.602Z",
    "user": [
      "desphixs@gmail.com"
    ],
    "content_type": [
      "store",
      "order"
    ],
    "object_id": "28",
    "object_repr": "143962",
    "action_flag": 2,
    "change_message": "[{\"changed\": {\"fields\": [\"Payment status\", \"Payment method\"]}}]"
  }
},
{
  "model": "admin.logentry",
  "pk": 220,
  "fields": {
    "action_time": "2024-09-20T15:12:51.603Z",
    "user": [
      "desphixs@gmail.com"
    ],
    "content_type": [
      "store",
      "order"
    ],
    "object_id": "27",
    "object_repr": "540839",
    "action_flag": 2,
    "change_message": "[{\"changed\": {\"fields\": [\"Payment status\", \"Payment method\"]}}]"
  }
},
{
  "model": "admin.logentry",
  "pk": 221,
  "fields": {
    "action_time": "2024-09-20T15:12:51.604Z",
    "user": [
      "desphixs@gmail.com"
    ],
    "content_type": [
      "store",
      "order"
    ],
    "object_id": "26",
    "object_repr": "988571",
    "action_flag": 2,
    "change_message": "[{\"changed\": {\"fields\": [\"Payment method\"]}}]"
  }
},
{
  "model": "admin.logentry",
  "pk": 222,
  "fields": {
    "action_time": "2024-09-20T15:12:51.604Z",
    "user": [
      "desphixs@gmail.com"
    ],
    "content_type": [
      "store",
      "order"
    ],
    "object_id": "25",
    "object_repr": "270108",
    "action_flag": 2,
    "change_message": "[{\"changed\": {\"fields\": [\"Payment method\"]}}]"
  }
},
{
  "model": "admin.logentry",
  "pk": 223,
  "fields": {
    "action_time": "2024-09-20T15:42:09.159Z",
    "user": [
      "desphixs@gmail.com"
    ],
    "content_type": [
      "store",
      "order"
    ],
    "object_id": "34",
    "object_repr": "181425",
    "action_flag": 2,
    "change_message": "[{\"changed\": {\"fields\": [\"Total\", \"Initial total\", \"Saved\", \"Coupons\"]}}]"
  }
},
{
  "model": "admin.logentry",
  "pk": 224,
  "fields": {
    "action_time": "2024-09-20T15:48:46.946Z",
    "user": [
      "desphixs@gmail.com"
    ],
    "content_type": [
      "store",
      "order"
    ],
    "object_id": "34",
    "object_repr": "181425",
    "action_flag": 2,
    "change_message": "[{\"changed\": {\"fields\": [\"Payment method\"]}}]"
  }
},
{
  "model": "admin.logentry",
  "pk": 225,
  "fields": {
    "action_time": "2024-09-20T15:48:46.948Z",
    "user": [
      "desphixs@gmail.com"
    ],
    "content_type": [
      "store",
      "order"
    ],
    "object_id": "33",
    "object_repr": "967634",
    "action_flag": 2,
    "change_message": "[{\"changed\": {\"fields\": [\"Payment method\"]}}]"
  }
},
{
  "model": "admin.logentry",
  "pk": 226,
  "fields": {
    "action_time": "2024-09-20T15:48:46.948Z",
    "user": [
      "desphixs@gmail.com"
    ],
    "content_type": [
      "store",
      "order"
    ],
    "object_id": "31",
    "object_repr": "245077",
    "action_flag": 2,
    "change_message": "[{\"changed\": {\"fields\": [\"Payment method\"]}}]"
  }
},
{
  "model": "admin.logentry",
  "pk": 227,
  "fields": {
    "action_time": "2024-09-20T15:48:46.950Z",
    "user": [
      "desphixs@gmail.com"
    ],
    "content_type": [
      "store",
      "order"
    ],
    "object_id": "28",
    "object_repr": "143962",
    "action_flag": 2,
    "change_message": "[{\"changed\": {\"fields\": [\"Payment method\"]}}]"
  }
},
{
  "model": "admin.logentry",
  "pk": 228,
  "fields": {
    "action_time": "2024-09-20T15:48:46.950Z",
    "user": [
      "desphixs@gmail.com"
    ],
    "content_type": [
      "store",
      "order"
    ],
    "object_id": "25",
    "object_repr": "270108",
    "action_flag": 2,
    "change_message": "[{\"changed\": {\"fields\": [\"Payment method\"]}}]"
  }
},
{
  "model": "admin.logentry",
  "pk": 229,
  "fields": {
    "action_time": "2024-09-20T15:54:41.379Z",
    "user": [
      "desphixs@gmail.com"
    ],
    "content_type": [
      "store",
      "category"
    ],
    "object_id": "4",
    "object_repr": "Computers",
    "action_flag": 2,
    "change_message": "[{\"changed\": {\"fields\": [\"Image\"]}}]"
  }
},
{
  "model": "admin.logentry",
  "pk": 230,
  "fields": {
    "action_time": "2024-09-20T15:55:17.914Z",
    "user": [
      "desphixs@gmail.com"
    ],
    "content_type": [
      "store",
      "category"
    ],
    "object_id": "6",
    "object_repr": "Tablets",
    "action_flag": 2,
    "change_message": "[{\"changed\": {\"fields\": [\"Image\"]}}]"
  }
},
{
  "model": "admin.logentry",
  "pk": 231,
  "fields": {
    "action_time": "2024-09-20T15:55:17.917Z",
    "user": [
      "desphixs@gmail.com"
    ],
    "content_type": [
      "store",
      "category"
    ],
    "object_id": "5",
    "object_repr": "Camera",
    "action_flag": 2,
    "change_message": "[{\"changed\": {\"fields\": [\"Image\"]}}]"
  }
},
{
  "model": "admin.logentry",
  "pk": 232,
  "fields": {
    "action_time": "2024-09-20T15:55:17.925Z",
    "user": [
      "desphixs@gmail.com"
    ],
    "content_type": [
      "store",
      "category"
    ],
    "object_id": "3",
    "object_repr": "Mobile",
    "action_flag": 2,
    "change_message": "[{\"changed\": {\"fields\": [\"Image\"]}}]"
  }
},
{
  "model": "admin.logentry",
  "pk": 233,
  "fields": {
    "action_time": "2024-09-20T15:55:17.928Z",
    "user": [
      "desphixs@gmail.com"
    ],
    "content_type": [
      "store",
      "category"
    ],
    "object_id": "2",
    "object_repr": "Gadgets",
    "action_flag": 2,
    "change_message": "[{\"changed\": {\"fields\": [\"Image\"]}}]"
  }
},
{
  "model": "admin.logentry",
  "pk": 234,
  "fields": {
    "action_time": "2024-09-20T15:55:17.931Z",
    "user": [
      "desphixs@gmail.com"
    ],
    "content_type": [
      "store",
      "category"
    ],
    "object_id": "1",
    "object_repr": "Electronics",
    "action_flag": 2,
    "change_message": "[{\"changed\": {\"fields\": [\"Image\"]}}]"
  }
},
{
  "model": "admin.logentry",
  "pk": 235,
  "fields": {
    "action_time": "2024-09-20T16:30:40.365Z",
    "user": [
      "desphixs@gmail.com"
    ],
    "content_type": [
      "blog",
      "blog"
    ],
    "object_id": "3",
    "object_repr": "Understanding Django ORM",
    "action_flag": 1,
    "change_message": "[{\"added\": {}}]"
  }
},
{
  "model": "admin.logentry",
  "pk": 236,
  "fields": {
    "action_time": "2024-09-20T16:31:08.409Z",
    "user": [
      "desphixs@gmail.com"
    ],
    "content_type": [
      "blog",
      "blog"
    ],
    "object_id": "4",
    "object_repr": "CKEditor5: A Versatile Text Editor for Django",
    "action_flag": 1,
    "change_message": "[{\"added\": {}}]"
  }
},
{
  "model": "admin.logentry",
  "pk": 237,
  "fields": {
    "action_time": "2024-09-20T16:31:44.535Z",
    "user": [
      "desphixs@gmail.com"
    ],
    "content_type": [
      "blog",
      "blog"
    ],
    "object_id": "5",
    "object_repr": "Top 10 Python Libraries for Web Development",
    "action_flag": 1,
    "change_message": "[{\"added\": {}}]"
  }
},
{
  "model": "admin.logentry",
  "pk": 238,
  "fields": {
    "action_time": "2024-09-20T16:32:48.463Z",
    "user": [
      "desphixs@gmail.com"
    ],
    "content_type": [
      "blog",
      "blog"
    ],
    "object_id": "6",
    "object_repr": "Building REST APIs with Django Rest Framework",
    "action_flag": 1,
    "change_message": "[{\"added\": {}}]"
  }
}
]
